,Evaluation,Method,Model,MAE,std_abs_err,MAPE,std_relative_abs_err,RMSE,R2,Y_hat,Y_true,n_samples
0,1167,combinatoric,LGBMRegressor,0.2508472626308314,0.13074506937320932,0.31440204831783436,0.17869135048497553,0.33260955198770775,-0.8654661813499167,[0.5617925  0.56777843 0.56224553 ... 0.75069433 0.7640194  0.75580315],"[[0.72831622]
 [0.71985186]
 [0.47114438]
 ...
 [0.45989622]
 [0.43331883]
 [0.50304679]]",5112
0,1202,combinatoric,LGBMRegressor,0.15489399239873003,0.15285261518691623,0.5329299427278307,1.801408789876248,0.20772103964749053,0.28427254938455526,[0.71870945 0.71142944 0.7415389  ... 0.66417002 0.64781138 0.64580552],"[[0.59650097]
 [0.6126219 ]
 [0.59650097]
 ...
 [0.57514431]
 [0.57514431]
 [0.57514431]]",5112
0,1218,combinatoric,LGBMRegressor,0.15572958332279413,0.14463090537710743,0.9258693719184158,2.2293130131754775,0.2345220537862538,0.2600935088833012,[0.59978611 0.61736331 0.63415751 ... 0.77336211 0.72149572 0.71180317],"[[0.71403127]
 [0.40903003]
 [0.71403127]
 ...
 [0.74007091]
 [0.55605146]
 [0.68774913]]",5112
0,1219,combinatoric,LGBMRegressor,0.1386167631004585,0.14286089437030947,84721725620813.75,110.61367298817245,0.2012627760318257,0.36746148734329964,[0.66908172 0.67223903 0.6474187  ... 0.54038086 0.5208193  0.50810078],"[[0.56188405]
 [0.21703461]
 [0.56188405]
 ...
 [0.57982691]
 [0.57500456]
 [0.43863302]]",5112
0,1234,combinatoric,LGBMRegressor,0.248782635834965,0.15935946576831073,85594914984376.38,96.67711718955924,0.35899343934360933,-0.606865979244473,[0.60618013 0.58746659 0.59733671 ... 0.65175968 0.66726834 0.66703873],"[[0.56621503]
 [0.69992615]
 [0.56621503]
 ...
 [0.57845471]
 [0.72096599]
 [0.72096599]]",5112
0,1273,combinatoric,LGBMRegressor,0.16404403640893195,0.12983138161683386,0.24365532603505985,0.24154831052564876,0.24467753395909836,-0.12406885003613732,[0.60205068 0.59807985 0.60498014 ... 0.65668667 0.64284067 0.66118837],"[[0.58027284]
 [0.62997734]
 [0.62997734]
 ...
 [0.99994395]
 [1.        ]
 [1.        ]]",5112
0,1298,combinatoric,LGBMRegressor,0.13816250322604,0.12950747106702443,0.33830048738512764,0.33756131931628347,0.18454178994259463,0.35447291895123245,[0.55858543 0.55505426 0.54527062 ... 0.61419175 0.57303492 0.5712809 ],"[[0.36149194]
 [0.43979194]
 [0.43979194]
 ...
 [0.43881792]
 [0.43881792]
 [0.4706547 ]]",5112
0,1339,combinatoric,LGBMRegressor,0.26225132843888577,0.20728721603908845,1.1241451115113363,1.7381782503152263,0.3398991532098862,-0.4726417980781241,[0.7910343  0.79982654 0.88739493 ... 0.61775447 0.66907753 0.64742367],"[[0.58048175]
 [0.58666233]
 [0.58048175]
 ...
 [0.37047272]
 [0.37047272]
 [0.40574128]]",5112
0,11285,combinatoric,LGBMRegressor,0.12344783435532394,0.10471932434589419,0.15903678458934675,0.35518596441279165,0.16379984522691016,0.46262405723447775,[0.72692127 0.705861   0.705861   ... 0.72588392 0.71895449 0.71594539],"[[0.98451715]
 [0.98451715]
 [0.91348945]
 ...
 [0.99529203]
 [0.99529203]
 [0.99529203]]",7668
0,11457,combinatoric,LGBMRegressor,0.13755599151221817,0.1429845365500123,0.17777011052066027,0.5726903102064845,0.18143056168566593,0.2426172683190937,[0.84105741 0.83154563 0.83154563 ... 0.81922347 0.82743534 0.82743534],"[[0.78374516]
 [0.78374516]
 [0.78374516]
 ...
 [0.99892703]
 [0.99707015]
 [0.99892703]]",8094
0,12001,combinatoric,LGBMRegressor,0.12183764167876826,0.12021756953318213,0.2015960540540395,0.889802450720499,0.16725309550080517,0.3245704256968249,[0.75599474 0.7572652  0.75720743 ... 0.7957109  0.7916032  0.79305735],"[[0.79475732]
 [0.79475732]
 [0.79475732]
 ...
 [0.89610277]
 [0.94533914]
 [0.94533914]]",8094
0,12048,combinatoric,LGBMRegressor,0.14625122318245917,0.12096714485899762,0.34817503717785814,2.153152802016892,0.2037755107459501,0.31184069288395055,[0.7275138  0.71757481 0.71757481 ... 0.70258837 0.68931836 0.70234556],"[[0.99176781]
 [0.99176781]
 [0.98205471]
 ...
 [0.99956886]
 [0.99956886]
 [0.99956886]]",7668
0,12701,combinatoric,LGBMRegressor,0.1674877584144814,0.135657843041244,0.5012174187692917,0.9414470624318757,0.23768667108805927,0.11259598005567262,[0.71413572 0.70456759 0.70456759 ... 0.93363784 0.93718176 0.9280141 ],"[[0.7171057 ]
 [0.7171057 ]
 [0.7171057 ]
 ...
 [0.51653222]
 [0.52714431]
 [0.51653222]]",7668
0,12832,combinatoric,LGBMRegressor,0.11778727852961397,0.16510260045206687,0.30663612125183637,1.0129674581660337,0.16759738135573315,0.505936456431187,[0.78174246 0.77200015 0.77552895 ... 0.85002614 0.8562226  0.8568673 ],"[[0.58272752]
 [0.67187312]
 [0.7222509 ]
 ...
 [0.66850347]
 [0.88247085]
 [0.66850347]]",7668
0,B1,combinatoric,LGBMRegressor,0.12549658302845748,0.1759399860492905,0.17574496106473025,0.47928997800608286,0.18384051147005312,0.21420686981118808,[0.87822005 0.88322963 0.87990433 ... 0.899837   0.65389869 0.64563752],"[[0.42509385]
 [0.42509385]
 [0.66837588]
 ...
 [0.64199834]
 [0.64199834]
 [0.64199834]]",6816
0,B8,combinatoric,LGBMRegressor,0.16974707757506097,0.16175281559119442,44911931300363.68,78.12847801720973,0.22692355237741366,0.18489397061283586,[0.49165485 0.4841013  0.56211828 ... 0.69182777 0.6710332  0.76622737],"[[0.98038748]
 [0.95596408]
 [0.98038748]
 ...
 [0.99977629]
 [0.99974418]
 [0.99977629]]",6816
0,B18,combinatoric,LGBMRegressor,0.15897266966024337,0.11897439943297879,0.3954819751855503,0.39289544779494223,0.22639637802273138,0.07559524301123766,[0.59568427 0.59593544 0.59593544 ... 0.76382885 0.5897118  0.84614473],"[[0.65450303]
 [0.65450303]
 [0.65450303]
 ...
 [0.47260031]
 [0.58194566]
 [0.58194566]]",6816
0,C5,combinatoric,LGBMRegressor,0.12758586105743752,0.12509862332382987,0.2815075421455835,0.4271071830324543,0.1764225031244172,0.32975581261354103,[0.63178583 0.62129117 0.63251724 ... 0.58741165 0.5762144  0.60188969],"[[0.61741846]
 [0.51342435]
 [0.64749359]
 ...
 [0.64398475]
 [0.4335643 ]
 [0.64398475]]",6816
0,E.ce,combinatoric,LGBMRegressor,0.10253836850302404,0.13925216937258084,0.16791367868152848,0.5934007794095156,0.1384173203253984,0.47163443967307594,[0.87179874 0.86322004 0.86322004 ... 0.45079608 0.47874969 0.44450967],"[[0.98451715]
 [0.98451715]
 [0.91348945]
 ...
 [0.22604631]
 [0.26073352]
 [0.22604631]]",29160
0,E.co,combinatoric,LGBMRegressor,0.18174250119038393,0.2585286902182775,0.5175720961957229,1.439564717623117,0.24374233372172693,0.27093675427936226,[0.90864323 0.90746312 0.90864323 ... 0.37566577 0.38030144 0.38290946],"[[0.32310936]
 [0.40226433]
 [0.32310936]
 ...
 [0.11560503]
 [0.17233788]
 [0.17233788]]",29160
0,S.en,combinatoric,LGBMRegressor,0.190499111092329,0.15757062914700282,39158284733961.22,55.188351731762495,0.24817714113217587,0.0828463165104959,[0.44580342 0.43882128 0.44580342 ... 0.18190419 0.19518589 0.2037796 ],"[[0.29211455]
 [0.30351804]
 [0.30351804]
 ...
 [0.20434278]
 [0.20434278]
 [0.20434278]]",29160
0,S.au,combinatoric,LGBMRegressor,0.13006516891036377,0.20172138067864148,0.18897828292980565,0.5264256992672254,0.17794337598747204,0.24219689969769376,[0.98894259 0.96374083 0.98956851 ... 0.44911864 0.49574619 0.49574619],"[[0.84723405]
 [0.84723405]
 [0.84723405]
 ...
 [0.37047272]
 [0.37047272]
 [0.40574128]]",27540
0,1167_x_E.ce,combinatoric,LGBMRegressor,0.09110657011857592,0.1401471703332358,0.11820617430395258,0.12415843479464561,0.10598926915682777,0.5622852871303676,[0.51158632 0.51285424 0.51036389 ... 0.880259   0.87804215 0.88006058],"[[0.72831622]
 [0.71985186]
 [0.47114438]
 ...
 [0.93997339]
 [0.93346047]
 [0.93346047]]",1296
0,1167_x_E.co,combinatoric,LGBMRegressor,0.118773989281093,0.1940167958240668,0.19945389391010987,0.10176707772604286,0.14216339166694927,0.7878820492344843,[0.4397963  0.44352595 0.44076371 ... 0.74068574 0.73704557 0.73822318],"[[0.29228146]
 [0.29614315]
 [0.29228146]
 ...
 [0.99785545]
 [0.98518001]
 [0.98871093]]",1296
0,1167_x_S.en,combinatoric,LGBMRegressor,0.25330743865206623,0.2249500268384318,0.29611371819620647,0.18610308486596805,0.2774782581473133,-0.3076951475699694,[0.36103647 0.36027064 0.35230898 ... 0.6702793  0.69345665 0.6629702 ],"[[0.72965397]
 [0.53297676]
 [0.72965397]
 ...
 [0.99904466]
 [0.99774927]
 [1.        ]]",1296
0,1167_x_S.au,combinatoric,LGBMRegressor,0.15581961087212315,0.2184447889342575,0.26959367698326636,0.48234518732003356,0.18616646972448453,0.2825146923015084,[0.96051777 0.97816825 0.97120815 ... 0.71902158 0.71687944 0.703942  ],"[[0.93482886]
 [0.83673575]
 [0.6058648 ]
 ...
 [0.45989622]
 [0.43331883]
 [0.50304679]]",1224
0,1202_x_E.ce,combinatoric,LGBMRegressor,0.11481558694789858,0.15914224799126012,0.4189630758918142,0.9886754108902355,0.1748150331889027,0.39671807292116534,[0.65491793 0.64957336 0.65286977 ... 0.71968773 0.6990453  0.70779634],"[[0.59650097]
 [0.6126219 ]
 [0.59650097]
 ...
 [0.62507124]
 [0.62507124]
 [0.71542897]]",1296
0,1202_x_E.co,combinatoric,LGBMRegressor,0.08894417142839518,0.1914487160997254,0.1932230247885705,0.19023225257474258,0.10897975032083129,0.6759688958144181,[0.33416294 0.33273173 0.33416294 ... 0.48545842 0.46152911 0.46901229],"[[0.43239395]
 [0.43239395]
 [0.43239395]
 ...
 [0.39794357]
 [0.48052866]
 [0.38356225]]",1296
0,1202_x_S.en,combinatoric,LGBMRegressor,0.2042689903868531,0.13326738772145558,1.0809108385059096,1.565186172173267,0.23965980437697407,-0.36555200188973647,[0.3872402  0.38732184 0.35107496 ... 0.48891929 0.45873803 0.49257717],"[[0.30539326]
 [0.36968642]
 [0.06283783]
 ...
 [0.34203753]
 [0.77984246]
 [0.24694186]]",1296
0,1202_x_S.au,combinatoric,LGBMRegressor,0.16001132752987463,0.12643852523254354,0.19750525081861608,0.23881930449987632,0.20845149668087254,-0.51718680259353,[0.87532916 0.87177379 0.88780669 ... 0.52452398 0.53604429 0.52126147],"[[0.64477475]
 [0.64477475]
 [0.83061693]
 ...
 [0.57514431]
 [0.57514431]
 [0.57514431]]",1224
0,1218_x_E.ce,combinatoric,LGBMRegressor,0.07772793545567622,0.09655641803002679,0.13588553480308174,0.14941957177761753,0.0982117454949675,0.6215574571564009,[0.62746903 0.61182419 0.62103976 ... 0.71723312 0.66490093 0.71488016],"[[0.71403127]
 [0.40903003]
 [0.71403127]
 ...
 [0.70814178]
 [0.49685288]
 [0.70814178]]",1296
0,1218_x_E.co,combinatoric,LGBMRegressor,0.10087110886679396,0.23352554783099191,0.583455562525275,0.9870853199765837,0.1396663846027211,0.8092932336611891,[0.37643405 0.37342597 0.37440356 ... 0.51818679 0.31499603 0.42844829],"[[0.39638506]
 [0.39638506]
 [0.31444566]
 ...
 [0.4988302 ]
 [0.21605889]
 [0.21605889]]",1296
0,1218_x_S.en,combinatoric,LGBMRegressor,0.17634085770168367,0.13109706906701382,1.6634486694797495,2.669830326215272,0.21997393159778028,0.33444316194389545,[0.46325939 0.44124369 0.45722337 ... 0.46816237 0.52347617 0.43934163],"[[0.26105455]
 [0.39324875]
 [0.05213942]
 ...
 [0.43190293]
 [0.07405875]
 [0.07405875]]",1296
0,1218_x_S.au,combinatoric,LGBMRegressor,0.08101546631494146,0.11462348379288118,0.11678363426124522,0.23133148936232814,0.09876821704418814,0.5611440540302979,[0.88107439 0.87262969 0.90431026 ... 0.6434296  0.63732648 0.61148909],"[[0.94207013]
 [0.94207013]
 [0.9439279 ]
 ...
 [0.74007091]
 [0.55605146]
 [0.68774913]]",1224
0,1219_x_E.ce,combinatoric,LGBMRegressor,0.12203663729355047,0.15556326789821712,0.37608509746207075,0.4567554185246648,0.16859273500361555,0.6054500626936343,[0.53958738 0.5330453  0.54164069 ... 0.63082835 0.62272829 0.63717039],"[[0.56188405]
 [0.21703461]
 [0.56188405]
 ...
 [0.70538468]
 [0.70538468]
 [0.70538468]]",1296
0,1219_x_E.co,combinatoric,LGBMRegressor,0.0828895102104544,0.23183014224311727,0.2961097749615131,0.38855714081386694,0.11809719683309003,0.817648239052819,[0.3761498  0.37876953 0.38438664 ... 0.54847094 0.4035015  0.50404016],"[[0.39525584]
 [0.43337528]
 [0.43337528]
 ...
 [0.40858063]
 [0.16723032]
 [0.40858063]]",1296
0,1219_x_S.en,combinatoric,LGBMRegressor,0.17660747070921606,0.12712573167075336,328065359494228.56,114.62629032371508,0.25470946002034134,-0.29746073271671847,[0.3650982  0.35609632 0.3317936  ... 0.38420687 0.38398832 0.39035266],"[[0.20122971]
 [0.56709756]
 [0.20122971]
 ...
 [0.56174631]
 [0.56174631]
 [0.37172853]]",1296
0,1219_x_S.au,combinatoric,LGBMRegressor,0.06249492468481256,0.14632335264330562,0.10501599617630038,0.3190946290136882,0.07156421559215398,0.8328993285317795,[0.88970593 0.89158332 0.91616182 ... 0.51058723 0.51162745 0.53501902],"[[0.94551738]
 [0.92080653]
 [0.94551738]
 ...
 [0.57982691]
 [0.57500456]
 [0.43863302]]",1224
0,1234_x_E.ce,combinatoric,LGBMRegressor,0.07799133514200486,0.1088933861913385,0.12516610015534832,0.16332614141599772,0.10095655568254484,0.7125764441343351,[0.61827554 0.60702262 0.63027736 ... 0.54213067 0.53676388 0.56565613],"[[0.56621503]
 [0.69992615]
 [0.56621503]
 ...
 [0.38589281]
 [0.38589281]
 [0.72069034]]",1296
0,1234_x_E.co,combinatoric,LGBMRegressor,0.05755910905828384,0.17725752171944645,0.24475541023969405,0.9353956367255051,0.07865272909035063,0.926662524253617,[0.41543199 0.41543199 0.42237379 ... 0.19415777 0.183178   0.20649907],"[[0.37533383]
 [0.42029501]
 [0.37533383]
 ...
 [0.23941059]
 [0.23941059]
 [0.20836221]]",1296
0,1234_x_S.en,combinatoric,LGBMRegressor,0.2705228225364247,0.12706321640316795,155471732240917.2,128.83185053227672,0.34475499005365673,-0.9461754245734022,[0.42610732 0.42271865 0.41583754 ... 0.21872511 0.21114955 0.23109862],"[[0.27277721]
 [0.51424479]
 [0.27277721]
 ...
 [0.        ]
 [0.        ]
 [0.        ]]",1296
0,1234_x_S.au,combinatoric,LGBMRegressor,0.12189431412133965,0.22066541880510565,0.36355684257587867,0.9494006988408091,0.16769326256403166,0.5018178968392286,[0.87530445 0.84145584 0.89038077 ... 0.61295676 0.64552794 0.63513808],"[[0.80384281]
 [0.90118178]
 [0.9146671 ]
 ...
 [0.57845471]
 [0.72096599]
 [0.72096599]]",1224
0,1273_x_E.ce,combinatoric,LGBMRegressor,0.1047628482690093,0.03413023309073365,0.15168585538271023,0.04938539359578831,0.13524008608894159,0.36287271162572166,[0.75943519 0.75805226 0.76614911 ... 0.8128884  0.8118519  0.81006961],"[[0.58027284]
 [0.62997734]
 [0.62997734]
 ...
 [0.97210151]
 [0.88825073]
 [0.91438627]]",1296
0,1273_x_E.co,combinatoric,LGBMRegressor,0.0826067746966805,0.18531752236933713,0.16349290580933784,0.16840036796571517,0.12089520212561326,0.7462629600038575,[0.48047805 0.47591621 0.48047805 ... 0.68571026 0.7148823  0.723339  ],"[[0.44415041]
 [0.44415041]
 [0.36530147]
 ...
 [0.76102029]
 [0.62563646]
 [0.76102029]]",1296
0,1273_x_S.en,combinatoric,LGBMRegressor,0.1860363915481998,0.19466226267716902,0.3620455026858183,0.2839288098073575,0.24827591703735433,0.09515277685188184,[0.47374432 0.44498004 0.43460739 ... 0.47816433 0.46996408 0.4808325 ],"[[0.50859862]
 [0.44532886]
 [0.45565884]
 ...
 [0.23763899]
 [0.94403186]
 [0.98775245]]",1296
0,1273_x_S.au,combinatoric,LGBMRegressor,0.19309872349278917,0.09624366708926009,0.22242164124198588,0.1628681747191156,0.23529795984855645,-2.6031549796955855,[0.94430314 0.9376651  0.94591119 ... 0.64126284 0.63633952 0.6374756 ],"[[0.60095033]
 [0.93156845]
 [0.93156845]
 ...
 [0.99994395]
 [1.        ]
 [1.        ]]",1224
0,1298_x_E.ce,combinatoric,LGBMRegressor,0.09611488415992332,0.14150174363578558,0.16927076994780177,0.15231815667391324,0.11068709829383792,0.6937875732550102,[0.52845915 0.52986438 0.52304015 ... 0.66829215 0.67150491 0.66498971],"[[0.36149194]
 [0.43979194]
 [0.43979194]
 ...
 [0.69860234]
 [0.53338386]
 [0.72556523]]",1296
0,1298_x_E.co,combinatoric,LGBMRegressor,0.08908324743010856,0.24216903537204015,0.21820479883573418,0.21288890040894506,0.10341449352321416,0.8686663330800295,[0.37199375 0.37721201 0.37199375 ... 0.4600224  0.37345357 0.37620916],"[[0.51022149]
 [0.38337098]
 [0.51022149]
 ...
 [0.336191  ]
 [0.28267304]
 [0.336191  ]]",1296
0,1298_x_S.en,combinatoric,LGBMRegressor,0.1197803098180497,0.09335776949633703,0.3241423115630397,0.2772966827253343,0.14090362881019153,0.3797384824620901,[0.43836562 0.42913478 0.4165959  ... 0.38567989 0.40316476 0.39175259],"[[0.31917066]
 [0.31917066]
 [0.52796393]
 ...
 [0.21471827]
 [0.21471827]
 [0.29892466]]",1296
0,1298_x_S.au,combinatoric,LGBMRegressor,0.09935266003838016,0.15797267006805155,0.18692234971889826,0.38151145179931706,0.11412869283396525,0.666998118030776,[0.89035662 0.88653647 0.90590663 ... 0.58719402 0.56648823 0.56738348],"[[0.75748653]
 [0.75748653]
 [0.75748653]
 ...
 [0.43881792]
 [0.43881792]
 [0.4706547 ]]",1224
0,1339_x_E.ce,combinatoric,LGBMRegressor,0.16296470738911142,0.14638331258248846,0.6194078658212843,0.3692938218439866,0.20441272128231364,0.5073031088363851,[0.42584483 0.4584277  0.47678274 ... 0.50024763 0.51279193 0.49967738],"[[0.58048175]
 [0.58666233]
 [0.58048175]
 ...
 [0.22604631]
 [0.26073352]
 [0.22604631]]",1296
0,1339_x_E.co,combinatoric,LGBMRegressor,0.1124003132929373,0.20328090100081636,0.6438816860322941,0.6857281473203226,0.1454332262544216,0.7804072518738638,[0.34660327 0.34507343 0.34660327 ... 0.36494437 0.33370311 0.37775987],"[[0.31664838]
 [0.31664838]
 [0.39582572]
 ...
 [0.11560503]
 [0.17233788]
 [0.17233788]]",1296
0,1339_x_S.en,combinatoric,LGBMRegressor,0.18111979926540944,0.17802044453532312,0.6595979462319257,0.7651540448448915,0.2105045950030733,0.35467253033507196,[0.3642572  0.36463568 0.31930429 ... 0.41410998 0.37947109 0.41421059],"[[0.49677968]
 [0.49677968]
 [0.34892035]
 ...
 [0.20434278]
 [0.20434278]
 [0.20434278]]",1296
0,1339_x_S.au,combinatoric,LGBMRegressor,0.1425143336847414,0.17751342116061544,0.369648790637318,0.6600666274505056,0.1736276012437298,0.48429518923180137,[0.83824211 0.88464962 0.86121012 ... 0.52105855 0.5704756  0.53535246],"[[0.91374737]
 [0.94219027]
 [0.65657944]
 ...
 [0.37047272]
 [0.37047272]
 [0.40574128]]",1224
0,11285_x_E.ce,combinatoric,LGBMRegressor,0.06875156966913519,0.028174583363344476,0.07261062074527826,0.026266903584185194,0.08873535609964296,-2.310709122646657,[0.86500988 0.85059133 0.85113724 ... 0.8845095  0.88228862 0.88579906],"[[0.98451715]
 [0.98451715]
 [0.91348945]
 ...
 [0.94066202]
 [0.94066202]
 [0.96621555]]",1944
0,11285_x_E.co,combinatoric,LGBMRegressor,0.0884595194663852,0.16458208317437323,0.15407126472579882,0.1396947374753464,0.1094136442831953,0.7853858339281887,[0.45399506 0.45371947 0.45399506 ... 0.75022668 0.75343682 0.75420587],"[[0.32310936]
 [0.40226433]
 [0.32310936]
 ...
 [0.81702822]
 [0.86183369]
 [0.81702822]]",1944
0,11285_x_S.en,combinatoric,LGBMRegressor,0.09657741546825431,0.15844196296021731,0.18180196935332957,0.12464103630813658,0.10723544667809876,0.7350360564762304,[0.37885379 0.37663598 0.37114761 ... 0.79892767 0.79825629 0.80033804],"[[0.29211455]
 [0.30351804]
 [0.30351804]
 ...
 [0.70396517]
 [0.70396517]
 [0.81070028]]",1944
0,11285_x_S.au,combinatoric,LGBMRegressor,0.10273129759396626,0.022897702366052933,0.10526710967434451,0.02813969897618127,0.1139083491482416,-4.864886418771031,[0.94966789 0.93935838 0.95222495 ... 0.8631274  0.84067583 0.83983162],"[[0.84723405]
 [0.84723405]
 [0.84723405]
 ...
 [0.99529203]
 [0.99529203]
 [0.99529203]]",1836
0,11457_x_E.ce,combinatoric,LGBMRegressor,0.039401578598261364,0.04042089760839895,0.04705810400950801,0.053057240259878936,0.05422716294627503,0.33629560380430523,[0.9130621  0.89534969 0.89534969 ... 0.91454515 0.91488411 0.91454515],"[[0.78374516]
 [0.78374516]
 [0.78374516]
 ...
 [0.92483339]
 [0.85893472]
 [0.90024691]]",2052
0,11457_x_E.co,combinatoric,LGBMRegressor,0.07130131698237639,0.22576961038776078,0.09889848927563104,0.21033742383991932,0.0919478595577831,0.8668937854842954,[0.42958083 0.42891538 0.42958083 ... 0.84741171 0.84183082 0.84183082],"[[0.37587003]
 [0.48232297]
 [0.37587003]
 ...
 [0.8603028 ]
 [0.8603028 ]
 [0.95518657]]",2052
0,11457_x_S.en,combinatoric,LGBMRegressor,0.10538592437924109,0.1734095426283215,0.2184961190029494,0.20471472862281295,0.1254946438512308,0.7234896155001727,[0.38301134 0.3820591  0.37493067 ... 0.85769171 0.85667326 0.86122674],"[[0.20988306]
 [0.20988306]
 [0.20988306]
 ...
 [0.88924878]
 [0.87072956]
 [0.88924878]]",2052
0,11457_x_S.au,combinatoric,LGBMRegressor,0.10406544094812184,0.022653663177740355,0.10621720461628073,0.023804944107131902,0.13179911770079747,-13.325129933684513,[0.94855403 0.94242927 0.9617641  ... 0.83746236 0.84069505 0.83227312],"[[0.98772021]
 [0.94660322]
 [0.98772021]
 ...
 [0.99892703]
 [0.99707015]
 [0.99892703]]",1938
0,12001_x_E.ce,combinatoric,LGBMRegressor,0.04336718913340274,0.05175439538037921,0.050806215508552084,0.05113880866083266,0.05467084256534508,0.4277165416150387,[0.80801035 0.7864027  0.7864027  ... 0.85871734 0.8557107  0.85871734],"[[0.79475732]
 [0.79475732]
 [0.79475732]
 ...
 [0.9234756 ]
 [0.9234756 ]
 [0.89939665]]",2052
0,12001_x_E.co,combinatoric,LGBMRegressor,0.08326496468134283,0.24516674751429185,0.10053972972687433,0.2447206403183351,0.10941086637074383,0.8008419878091807,[0.40613268 0.40609448 0.40613268 ... 0.7784851  0.76447072 0.76447072],"[[0.48296558]
 [0.40737366]
 [0.40737366]
 ...
 [0.91659296]
 [0.93965865]
 [0.93965865]]",2052
0,12001_x_S.en,combinatoric,LGBMRegressor,0.09155995480938453,0.16532204545625606,0.3614739227719117,0.730454542883917,0.1278502756658939,0.7325094311215703,[0.42232743 0.43529864 0.43268577 ... 0.79658854 0.79559757 0.79388513],"[[0.11595643]
 [0.42955449]
 [0.11595643]
 ...
 [0.91417669]
 [0.91417669]
 [0.77917198]]",2052
0,12001_x_S.au,combinatoric,LGBMRegressor,0.08097698786958224,0.04589647659755922,0.09332475779403646,0.05882607205093755,0.10264201736814801,-3.1460755806798693,[0.92683302 0.93389974 0.94477409 ... 0.79365377 0.79127532 0.79147954],"[[0.92651453]
 [0.92651453]
 [0.78825672]
 ...
 [0.89610277]
 [0.94533914]
 [0.94533914]]",1938
0,12048_x_E.ce,combinatoric,LGBMRegressor,0.0745568539669978,0.03255065120596294,0.08271557785783469,0.036967304744167866,0.10254521450156187,-1.2106727426222892,[0.86878338 0.86817637 0.86817637 ... 0.92092627 0.91450735 0.92014439],"[[0.99176781]
 [0.99176781]
 [0.98205471]
 ...
 [0.75189398]
 [0.90756892]
 [0.90756892]]",1944
0,12048_x_E.co,combinatoric,LGBMRegressor,0.06862352663176831,0.17074897835137584,0.11430923815778919,0.12307103639132698,0.09179650445072403,0.8661992790123629,[0.46545012 0.46459407 0.46545012 ... 0.68258697 0.65747689 0.65747689],"[[0.38193534]
 [0.38193534]
 [0.38193534]
 ...
 [0.83077776]
 [0.83077776]
 [0.88097163]]",1944
0,12048_x_S.en,combinatoric,LGBMRegressor,0.10762026862052586,0.1239231931640509,0.9067345593164496,2.2640557292731462,0.14824884871770097,0.7172081678537063,[0.44186436 0.44774459 0.43347079 ... 0.74235253 0.74040127 0.74340701],"[[0.05203706]
 [0.35335252]
 [0.30769525]
 ...
 [0.89975877]
 [0.89975877]
 [0.86838695]]",1944
0,12048_x_S.au,combinatoric,LGBMRegressor,0.10452948728035664,0.015961598021655147,0.1061847602684801,0.016989841466724505,0.12110365119002321,-9.352422265580785,[0.94241494 0.94558001 0.94597575 ... 0.82910398 0.82439054 0.82068863],"[[0.97039675]
 [0.97761851]
 [0.87807663]
 ...
 [0.99956886]
 [0.99956886]
 [0.99956886]]",1836
0,12701_x_E.ce,combinatoric,LGBMRegressor,0.1532689757381258,0.13112900412515777,0.17839573487863467,0.11527221758407988,0.20034703942587093,-1.3343626854551451,[0.57022988 0.56497898 0.56434179 ... 0.64425331 0.64531909 0.64437928],"[[0.7171057 ]
 [0.7171057 ]
 [0.7171057 ]
 ...
 [0.88223754]
 [0.77827844]
 [0.88223754]]",1944
0,12701_x_E.co,combinatoric,LGBMRegressor,0.17694276372634035,0.22931484732775742,0.9517113212088969,0.6349554454574252,0.258532492291687,0.4023657776139532,[0.38858333 0.38855846 0.38858333 ... 0.76698539 0.76774586 0.76774586],"[[0.45942264]
 [0.41486875]
 [0.45942264]
 ...
 [0.13633384]
 [0.2366919 ]
 [0.2366919 ]]",1944
0,12701_x_S.en,combinatoric,LGBMRegressor,0.15714737572287527,0.153838905110695,0.270815847082297,0.17129414427531162,0.18577135385516236,-0.3704207075563346,[0.36190636 0.36424172 0.34445626 ... 0.42269404 0.42399669 0.42364043],"[[0.49806811]
 [0.6086484 ]
 [0.6086484 ]
 ...
 [0.70306232]
 [0.70306232]
 [0.70306232]]",1944
0,12701_x_S.au,combinatoric,LGBMRegressor,0.1896177320089463,0.18431704549976924,0.3703379065746853,0.4097251843250254,0.23084105348175155,-0.41742748201405666,[0.92861375 0.90919868 0.92364418 ... 0.85691547 0.86464662 0.85185223],"[[0.83122257]
 [0.9301025 ]
 [0.95467772]
 ...
 [0.51653222]
 [0.52714431]
 [0.51653222]]",1836
0,12832_x_E.ce,combinatoric,LGBMRegressor,0.08882286705874436,0.05006716072630548,0.12094935674407675,0.08463663281377105,0.10509100819030177,0.4428424148954211,[0.8064737  0.79451788 0.79451788 ... 0.85753071 0.85484779 0.85712628],"[[0.58272752]
 [0.67187312]
 [0.7222509 ]
 ...
 [0.90344707]
 [0.72909638]
 [0.90344707]]",1944
0,12832_x_E.co,combinatoric,LGBMRegressor,0.05671717791080199,0.20288608128364038,0.08559085121175064,0.21189753099241318,0.07563207159299694,0.8713555150057564,[0.38557557 0.38815528 0.38557557 ... 0.81751187 0.82535818 0.82535818],"[[0.48896226]
 [0.36435971]
 [0.36435971]
 ...
 [0.88532199]
 [0.88532199]
 [0.88532199]]",1944
0,12832_x_S.en,combinatoric,LGBMRegressor,0.18716370963324977,0.16819741954018355,0.8329947354489475,0.5479195795142502,0.24289482316573183,0.3018089892574034,[0.38693604 0.38677823 0.37730526 ... 0.84918992 0.84538302 0.84940841],"[[0.28210822]
 [0.4720613 ]
 [0.4720613 ]
 ...
 [0.92665552]
 [0.74858424]
 [0.74858424]]",1944
0,12832_x_S.au,combinatoric,LGBMRegressor,0.08072828969289457,0.07136697352094301,0.10047200480606468,0.10824393086037094,0.10071166681513942,-0.2311904832828917,[0.90874375 0.90492001 0.91823375 ... 0.7951609  0.81381032 0.80506353],"[[0.93240842]
 [0.93240842]
 [0.96880127]
 ...
 [0.66850347]
 [0.88247085]
 [0.66850347]]",1836
0,B1_x_E.ce,combinatoric,LGBMRegressor,0.10291532609444563,0.12848642442708683,0.1721521944355067,0.3050064712702898,0.1485066338049606,0.2672932828583179,[0.86866635 0.87802662 0.84105985 ... 0.82096285 0.72730316 0.8217539 ],"[[0.42509385]
 [0.42509385]
 [0.66837588]
 ...
 [0.87453569]
 [0.91341457]
 [0.91341457]]",1728
0,B1_x_E.co,combinatoric,LGBMRegressor,0.07353789219598976,0.19975394697509308,0.09815238559599306,0.22597538055151686,0.12378824333732673,0.6568692185961449,[0.41112284 0.41153265 0.4129395  ... 0.77733389 0.53265387 0.54011934],"[[0.40097912]
 [0.39834738]
 [0.39617026]
 ...
 [0.76610499]
 [0.76610499]
 [0.76946686]]",1728
0,B1_x_S.en,combinatoric,LGBMRegressor,0.12734527570553567,0.22173652872955796,0.18715684105787306,0.21238263700319426,0.16813000854910154,0.4702533396957216,[0.35722242 0.39472064 0.35507163 ... 0.66433698 0.71217481 0.6235141 ],"[[0.36505974]
 [0.36505974]
 [0.31869931]
 ...
 [0.92409418]
 [0.92409418]
 [0.92409418]]",1728
0,B1_x_S.au,combinatoric,LGBMRegressor,0.12308369477657483,0.10270176604180553,0.15594775268194902,0.16109268422979642,0.1491474301976883,-0.427019802226821,[0.92616859 0.90839831 0.93304575 ... 0.81873809 0.6203006  0.61851458],"[[0.96636701]
 [0.73315454]
 [0.94713401]
 ...
 [0.64199834]
 [0.64199834]
 [0.64199834]]",1632
0,B8_x_E.ce,combinatoric,LGBMRegressor,0.11092590337653783,0.04120143608788933,0.11559691724839938,0.03257257987275514,0.15815280087661682,-13.734285060512978,[0.68357218 0.59599486 0.70329627 ... 0.86906329 0.84306566 0.84617645],"[[0.98038748]
 [0.95596408]
 [0.98038748]
 ...
 [0.87437664]
 [0.89666384]
 [0.89666384]]",1728
0,B8_x_E.co,combinatoric,LGBMRegressor,0.10602497999554374,0.16325152705285867,0.1405635693523119,0.1179766371656237,0.16270261609418724,0.5671667086872996,[0.480061   0.4790963  0.49495366 ... 0.75686901 0.69567919 0.79420996],"[[0.40134686]
 [0.39904629]
 [0.40134686]
 ...
 [0.88777914]
 [0.88777914]
 [0.89888459]]",1728
0,B8_x_S.en,combinatoric,LGBMRegressor,0.13679555846179242,0.17205590871959758,191513876974299.72,145.3599958449911,0.18706473127068493,0.49148432445864254,[0.47965    0.47683689 0.4225023  ... 0.82486326 0.79129252 0.80529668],"[[0.40655816]
 [0.37063027]
 [0.40655816]
 ...
 [0.89745489]
 [0.81122728]
 [0.81122728]]",1728
0,B8_x_S.au,combinatoric,LGBMRegressor,0.17122639556329142,0.01331301915550611,0.17318751703712748,0.015288297708151762,0.19733181472162054,-17.68537277621656,[0.92784187 0.88241962 0.91759124 ... 0.76513898 0.71921046 0.79103093],"[[0.96152962]
 [0.84691344]
 [0.97948001]
 ...
 [0.99977629]
 [0.99974418]
 [0.99977629]]",1632
0,B18_x_E.ce,combinatoric,LGBMRegressor,0.08886538895837799,0.13650857654035023,0.11399501326021211,0.13110961020480522,0.12121764272497497,0.2114816720191529,[0.5818542  0.56757754 0.56757754 ... 0.55210462 0.540421   0.61799284],"[[0.65450303]
 [0.65450303]
 [0.65450303]
 ...
 [0.91126658]
 [0.66194838]
 [0.80723995]]",1728
0,B18_x_E.co,combinatoric,LGBMRegressor,0.12699376093366738,0.20506961939423393,0.414761157890717,0.21892158493018662,0.19472674895266626,0.5319505236297684,[0.41457062 0.41922708 0.41851804 ... 0.5378813  0.47918001 0.48827798],"[[0.37835684]
 [0.42659821]
 [0.34547948]
 ...
 [0.31875414]
 [0.25509998]
 [0.31875414]]",1728
0,B18_x_S.en,combinatoric,LGBMRegressor,0.13244861122590348,0.0964912348421167,0.37160876072486304,0.32346858119468064,0.1682926756738215,0.06384002787891496,[0.45971038 0.45488687 0.46656093 ... 0.44896535 0.43936406 0.43586909],"[[0.41617595]
 [0.4818378 ]
 [0.25336463]
 ...
 [0.50682367]
 [0.22560538]
 [0.22560538]]",1728
0,B18_x_S.au,combinatoric,LGBMRegressor,0.188550845833175,0.1767531790645515,0.3690320658724925,0.389631915620118,0.22709134129390446,-0.4056985562576285,[0.91552586 0.90658345 0.92176225 ... 0.71518316 0.63677834 0.82522096],"[[0.94505321]
 [0.94505321]
 [0.94505321]
 ...
 [0.47260031]
 [0.58194566]
 [0.58194566]]",1632
0,C5_x_E.ce,combinatoric,LGBMRegressor,0.09717561989994757,0.12907281443573204,0.15271503011861937,0.12705345776253182,0.12081380433465447,0.4008359801715423,[0.60975383 0.59663055 0.59663055 ... 0.75144774 0.74378479 0.72697397],"[[0.61741846]
 [0.51342435]
 [0.64749359]
 ...
 [0.55905769]
 [0.55905769]
 [0.55905769]]",1728
0,C5_x_E.co,combinatoric,LGBMRegressor,0.12275860403530163,0.22077262862992109,0.3497659724990761,0.222700697099854,0.17857516512116256,0.550594874897669,[0.36644443 0.37045713 0.36940811 ... 0.40913122 0.40904672 0.40941433],"[[0.62896479]
 [0.37594786]
 [0.41602359]
 ...
 [0.27393508]
 [0.40317314]
 [0.40317314]]",1728
0,C5_x_S.en,combinatoric,LGBMRegressor,0.14534112799963483,0.10292469296515509,0.3547336037083862,0.1463907574727207,0.18121314715491124,-0.3905069778931167,[0.36556067 0.36727398 0.36015034 ... 0.4057947  0.4306488  0.40922096],"[[0.32949037]
 [0.32949037]
 [0.49960014]
 ...
 [0.23039224]
 [0.53639065]
 [0.45761743]]",1728
0,C5_x_S.au,combinatoric,LGBMRegressor,0.09196151555261682,0.1468205848223029,0.1498315676560181,0.32615548367134084,0.12496018640197745,0.42822350145918764,[0.91686481 0.89581683 0.91433875 ... 0.59515427 0.59889736 0.59888641],"[[0.92403973]
 [0.98145982]
 [0.98145982]
 ...
 [0.64398475]
 [0.4335643 ]
 [0.64398475]]",1632
