Evaluation,Method,Model,MAE,std_abs_err,MAPE,std_relative_abs_err,RMSE,R2,Y_hat,Y_true
1167,combinatoric,gpuRandomForestImputer_StandardScaler,0.22107014569134845,0.12408566200671396,0.2872739638916036,0.1866692492797427,0.2858552026372277,-0.3778760375740535,[0.57372106 0.59861705 0.57372106 ... 0.69690853 0.72051298 0.72051298],"[[0.72831622]
 [0.71985186]
 [0.47114438]
 ...
 [0.45989622]
 [0.43331883]
 [0.50304679]]"
1202,combinatoric,gpuRandomForestImputer_StandardScaler,0.15801940489631808,0.1857708654505768,0.5364698559532095,2.02062011604231,0.2135739163610938,0.24337075749072834,[0.7955168  0.7905064  0.79500127 ... 0.79205903 0.79215798 0.79215798],"[[0.59650097]
 [0.6126219 ]
 [0.59650097]
 ...
 [0.57514431]
 [0.57514431]
 [0.57514431]]"
1218,combinatoric,gpuRandomForestImputer_StandardScaler,0.14670474729305857,0.1681536635899956,0.8735400013066799,2.5696251608524845,0.218413579890598,0.35824577853384465,[0.67797297 0.67797297 0.67797297 ... 0.68948112 0.69699055 0.69699055],"[[0.71403127]
 [0.40903003]
 [0.71403127]
 ...
 [0.74007091]
 [0.55605146]
 [0.68774913]]"
1219,combinatoric,gpuRandomForestImputer_StandardScaler,0.12151896910175693,0.15899593348407803,88340827513694.89,83.11148623426058,0.18740093085340315,0.45159230080610047,[0.50271112 0.50271112 0.50271112 ... 0.71025926 0.700316   0.700316  ],"[[0.56188405]
 [0.21703461]
 [0.56188405]
 ...
 [0.57982691]
 [0.57500456]
 [0.43863302]]"
1234,combinatoric,gpuRandomForestImputer_StandardScaler,0.23922778502035255,0.17697305214208753,87562738095878.75,106.55370345178247,0.35074147332244815,-0.533842884859322,[0.66812497 0.66812497 0.66812497 ... 0.53154926 0.52685096 0.52685096],"[[0.56621503]
 [0.69992615]
 [0.56621503]
 ...
 [0.57845471]
 [0.72096599]
 [0.72096599]]"
1273,combinatoric,gpuRandomForestImputer_StandardScaler,0.14074621906960505,0.10339837852668836,0.22496757261809638,0.2741552469746464,0.20566159790697372,0.20583428341509535,[0.65041985 0.65041985 0.65041985 ... 0.61608742 0.61903339 0.61903339],"[[0.58027284]
 [0.62997734]
 [0.62997734]
 ...
 [0.99994395]
 [1.        ]
 [1.        ]]"
1298,combinatoric,gpuRandomForestImputer_StandardScaler,0.1305120717546227,0.12848147906872923,0.3213394955329075,0.33984572575643607,0.17824685899977594,0.39776113310389727,[0.56092734 0.55856095 0.56044909 ... 0.52627816 0.52706209 0.52706209],"[[0.36149194]
 [0.43979194]
 [0.43979194]
 ...
 [0.43881792]
 [0.43881792]
 [0.4706547 ]]"
1339,combinatoric,gpuRandomForestImputer_StandardScaler,0.21659603427395294,0.2712314312526167,0.913937256969742,2.0598222947764837,0.2870553337916507,-0.05033587533208461,[0.91401648 0.91401648 0.91401648 ... 0.59336964 0.59486095 0.59486095],"[[0.58048175]
 [0.58666233]
 [0.58048175]
 ...
 [0.37047272]
 [0.37047272]
 [0.40574128]]"
11285,combinatoric,gpuRandomForestImputer_StandardScaler,0.10682461410915374,0.09308832607505468,0.1414371186064298,0.23748142750293158,0.1350371842378398,0.6347771063367675,[0.63490012 0.63490012 0.63709714 ... 0.84018313 0.83091118 0.83091118],"[[0.98451715]
 [0.98451715]
 [0.91348945]
 ...
 [0.99529203]
 [0.99529203]
 [0.99529203]]"
11457,combinatoric,gpuRandomForestImputer_StandardScaler,0.11559018571486383,0.15527943357244087,0.15359458206881052,0.6024619325553646,0.15636986525290666,0.4373988278577128,[0.86487573 0.86487573 0.86487573 ... 0.81406092 0.80621185 0.80621185],"[[0.78374516]
 [0.78374516]
 [0.78374516]
 ...
 [0.99892703]
 [0.99707015]
 [0.99892703]]"
12001,combinatoric,gpuRandomForestImputer_StandardScaler,0.15161601795065938,0.09478800175452108,0.23374832962642306,0.7725869493721071,0.2155732823046902,-0.12207429264860603,[0.68628456 0.68628456 0.68995015 ... 0.88355742 0.88445744 0.88445744],"[[0.79475732]
 [0.79475732]
 [0.79475732]
 ...
 [0.89610277]
 [0.94533914]
 [0.94533914]]"
12048,combinatoric,gpuRandomForestImputer_StandardScaler,0.11265614861187415,0.14681109192790015,0.30715758413997224,2.352092907206558,0.1480987636075598,0.6365138453955891,[0.78542026 0.78542026 0.79190089 ... 0.72506201 0.72506201 0.72506201],"[[0.99176781]
 [0.99176781]
 [0.98205471]
 ...
 [0.99956886]
 [0.99956886]
 [0.99956886]]"
12701,combinatoric,gpuRandomForestImputer_StandardScaler,0.15934568514866052,0.14164462214612653,0.46593913277781207,0.669536196794549,0.2264425120300597,0.19457025654881444,[0.56302875 0.56302875 0.56302875 ... 0.84777893 0.85367189 0.85367189],"[[0.7171057 ]
 [0.7171057 ]
 [0.7171057 ]
 ...
 [0.51653222]
 [0.52714431]
 [0.51653222]]"
12832,combinatoric,gpuRandomForestImputer_StandardScaler,0.11445464868768905,0.1653663353077326,0.3081259524354502,1.013941753555724,0.16581653086974,0.5163802800414679,[0.78226711 0.78226711 0.78226711 ... 0.84090298 0.84075348 0.84075348],"[[0.58272752]
 [0.67187312]
 [0.7222509 ]
 ...
 [0.66850347]
 [0.88247085]
 [0.66850347]]"
B1,combinatoric,gpuRandomForestImputer_StandardScaler,0.10304956409433587,0.1099219102200215,0.15457767421833982,0.3308906889956554,0.14617698549930272,0.503197478468672,[0.75185837 0.75185837 0.75185837 ... 0.70739102 0.70608552 0.70608552],"[[0.42509385]
 [0.42509385]
 [0.66837588]
 ...
 [0.64199834]
 [0.64199834]
 [0.64199834]]"
B8,combinatoric,gpuRandomForestImputer_StandardScaler,0.15768625940070916,0.09287576918190356,45976269664501.41,102.31483195781223,0.21223223333707608,0.28701950858552894,[0.64367731 0.64367731 0.64367731 ... 0.6552189  0.65796476 0.65796476],"[[0.98038748]
 [0.95596408]
 [0.98038748]
 ...
 [0.99977629]
 [0.99974418]
 [0.99977629]]"
B18,combinatoric,gpuRandomForestImputer_StandardScaler,0.15006692596955631,0.11683371300477689,0.3682938977572907,0.4583391181712033,0.21257864040946173,0.1849908720487743,[0.64259224 0.64259224 0.64173035 ... 0.5187962  0.52192903 0.52192903],"[[0.65450303]
 [0.65450303]
 [0.65450303]
 ...
 [0.47260031]
 [0.58194566]
 [0.58194566]]"
C5,combinatoric,gpuRandomForestImputer_StandardScaler,0.1245653981019954,0.12431534304894193,0.2735148634513974,0.45256967842253576,0.16564873916160375,0.4091171756797243,[0.65257237 0.65257237 0.65687607 ... 0.76918122 0.77139794 0.77139794],"[[0.61741846]
 [0.51342435]
 [0.64749359]
 ...
 [0.64398475]
 [0.4335643 ]
 [0.64398475]]"
E.ce,combinatoric,gpuRandomForestImputer_StandardScaler,0.0985688538866885,0.13171318637300708,0.16255524203192798,0.5776384327697504,0.13655219518266762,0.4857775898316754,[0.8576633  0.8576633  0.8576633  ... 0.40086964 0.40086964 0.40086964],"[[0.98451715]
 [0.98451715]
 [0.91348945]
 ...
 [0.22604631]
 [0.26073352]
 [0.22604631]]"
E.co,combinatoric,gpuRandomForestImputer_StandardScaler,0.17816685964078952,0.2644485166447364,0.5082325026664071,1.4633517790943154,0.24218411685703842,0.2802285941091269,[0.9209325  0.9209325  0.9209325  ... 0.33253376 0.33362955 0.33010717],"[[0.32310936]
 [0.40226433]
 [0.32310936]
 ...
 [0.11560503]
 [0.17233788]
 [0.17233788]]"
S.en,combinatoric,gpuRandomForestImputer_StandardScaler,0.18345630367611765,0.15703686111972295,38428693110385.086,55.458639785070865,0.24004968032373006,0.14193374341911313,[0.44798485 0.42984713 0.44798485 ... 0.20002487 0.19890491 0.20668406],"[[0.29211455]
 [0.30351804]
 [0.30351804]
 ...
 [0.20434278]
 [0.20434278]
 [0.20434278]]"
S.au,combinatoric,gpuRandomForestImputer_StandardScaler,0.12642896923196542,0.1933564629246911,0.18281072933142567,0.5068205983952384,0.17104547350023722,0.2998100107991837,[0.96433582 0.96840889 0.96451663 ... 0.46753987 0.48612805 0.48612805],"[[0.84723405]
 [0.84723405]
 [0.84723405]
 ...
 [0.37047272]
 [0.37047272]
 [0.40574128]]"
1167_x_E.ce,combinatoric,gpuRandomForestImputer_StandardScaler,0.08633206001599071,0.11662338386604862,0.11447482562403637,0.0894117193532843,0.10132558812923056,0.5999579757520698,[0.56572408 0.56572408 0.56572408 ... 0.84699872 0.84699872 0.84699872],"[[0.72831622]
 [0.71985186]
 [0.47114438]
 ...
 [0.93997339]
 [0.93346047]
 [0.93346047]]"
1167_x_E.co,combinatoric,gpuRandomForestImputer_StandardScaler,0.12911722090728117,0.21046660626299812,0.21349779503659716,0.12612883051659263,0.15925750027390853,0.7338039174069831,[0.42203445 0.42203445 0.41432576 ... 0.74050117 0.72142316 0.72142316],"[[0.29228146]
 [0.29614315]
 [0.29228146]
 ...
 [0.99785545]
 [0.98518001]
 [0.98871093]]"
1167_x_S.en,combinatoric,gpuRandomForestImputer_StandardScaler,0.2290497329717944,0.208289095293213,0.27492718424644225,0.1533525721075087,0.2472040653276888,-0.03791027212118303,[0.39553032 0.40071695 0.39553032 ... 0.68888439 0.69923523 0.68888439],"[[0.72965397]
 [0.53297676]
 [0.72965397]
 ...
 [0.99904466]
 [0.99774927]
 [1.        ]]"
1167_x_S.au,combinatoric,gpuRandomForestImputer_StandardScaler,0.1456058545401131,0.20555706514191682,0.25527184987490825,0.4558195602517884,0.18014874505119538,0.3281496189382799,[0.9327441  0.94754742 0.94116362 ... 0.73733936 0.73970924 0.73970924],"[[0.93482886]
 [0.83673575]
 [0.6058648 ]
 ...
 [0.45989622]
 [0.43331883]
 [0.50304679]]"
1202_x_E.ce,combinatoric,gpuRandomForestImputer_StandardScaler,0.121853409044865,0.16155140989691674,0.43649891399102975,0.9527317240374424,0.18156529027713247,0.3492286609190386,[0.63671228 0.63671228 0.63671228 ... 0.76589376 0.77483425 0.78031169],"[[0.59650097]
 [0.6126219 ]
 [0.59650097]
 ...
 [0.62507124]
 [0.62507124]
 [0.71542897]]"
1202_x_E.co,combinatoric,gpuRandomForestImputer_StandardScaler,0.09369039491126939,0.19144871609972508,0.20462101369229735,0.17872672502676712,0.11366546732291093,0.6475056443233151,[0.31395227 0.29094227 0.31054839 ... 0.71847617 0.69583608 0.69539631],"[[0.43239395]
 [0.43239395]
 [0.43239395]
 ...
 [0.39794357]
 [0.48052866]
 [0.38356225]]"
1202_x_S.en,combinatoric,gpuRandomForestImputer_StandardScaler,0.19854637320940896,0.1579172899597508,1.0289064138181223,1.3188670775090596,0.23496608810084574,-0.3125873523366247,[0.33342635 0.33493125 0.3351251  ... 0.65421434 0.65489889 0.65489889],"[[0.30539326]
 [0.36968642]
 [0.06283783]
 ...
 [0.34203753]
 [0.77984246]
 [0.24694186]]"
1202_x_S.au,combinatoric,gpuRandomForestImputer_StandardScaler,0.16530166610659214,0.13596528674955471,0.20162701816082793,0.25486275654502766,0.22039146038157306,-0.6959714858265613,[0.89254264 0.86398849 0.87649164 ... 0.58724361 0.58582146 0.58582146],"[[0.64477475]
 [0.64477475]
 [0.83061693]
 ...
 [0.57514431]
 [0.57514431]
 [0.57514431]]"
1218_x_E.ce,combinatoric,gpuRandomForestImputer_StandardScaler,0.07965584047458421,0.09397556597346472,0.14361599110476708,0.15941432833716482,0.10850482173982814,0.5380753184352061,[0.64335508 0.64209107 0.63380372 ... 0.64887186 0.6479526  0.64887186],"[[0.71403127]
 [0.40903003]
 [0.71403127]
 ...
 [0.70814178]
 [0.49685288]
 [0.70814178]]"
1218_x_E.co,combinatoric,gpuRandomForestImputer_StandardScaler,0.10912188113849455,0.24017153158336102,0.6022888183870884,0.9047373181514515,0.15060016540256177,0.7782655272152617,[0.35514959 0.35514959 0.36374298 ... 0.36889032 0.34546698 0.34546698],"[[0.39638506]
 [0.39638506]
 [0.31444566]
 ...
 [0.4988302 ]
 [0.21605889]
 [0.21605889]]"
1218_x_S.en,combinatoric,gpuRandomForestImputer_StandardScaler,0.17364020158006582,0.1379897021497259,1.6293318145096165,2.417804299266859,0.21655894114294125,0.3549476609908233,[0.4252438  0.42774636 0.4252438  ... 0.46275843 0.46275843 0.46275843],"[[0.26105455]
 [0.39324875]
 [0.05213942]
 ...
 [0.43190293]
 [0.07405875]
 [0.07405875]]"
1218_x_S.au,combinatoric,gpuRandomForestImputer_StandardScaler,0.07875006994659926,0.12280076388676334,0.11615777195902151,0.24433231114206672,0.097278857256494,0.5742795824460749,[0.89792275 0.90047998 0.89845989 ... 0.62137765 0.61956433 0.61956433],"[[0.94207013]
 [0.94207013]
 [0.9439279 ]
 ...
 [0.74007091]
 [0.55605146]
 [0.68774913]]"
1219_x_E.ce,combinatoric,gpuRandomForestImputer_StandardScaler,0.12366900511342968,0.15940201313142396,0.3743219987269518,0.4133670287066906,0.167898148420567,0.6086943847487247,[0.51634584 0.51634584 0.51634584 ... 0.65606675 0.65394348 0.65606675],"[[0.56188405]
 [0.21703461]
 [0.56188405]
 ...
 [0.70538468]
 [0.70538468]
 [0.70538468]]"
1219_x_E.co,combinatoric,gpuRandomForestImputer_StandardScaler,0.07216473642563445,0.23163934667489558,0.2570892051957364,0.3909904701620721,0.1063099780681081,0.852232529138103,[0.37731643 0.37731643 0.37731643 ... 0.52744568 0.479003   0.479003  ],"[[0.39525584]
 [0.43337528]
 [0.43337528]
 ...
 [0.40858063]
 [0.16723032]
 [0.40858063]]"
1219_x_S.en,combinatoric,gpuRandomForestImputer_StandardScaler,0.1791877223366867,0.12844886231365085,350185989781157.5,117.49597164517063,0.2662131929584777,-0.41730468064219695,[0.37422047 0.37848211 0.37422047 ... 0.37892362 0.44458721 0.44458721],"[[0.20122971]
 [0.56709756]
 [0.20122971]
 ...
 [0.56174631]
 [0.56174631]
 [0.37172853]]"
1219_x_S.au,combinatoric,gpuRandomForestImputer_StandardScaler,0.05895415336177132,0.14888944015899808,0.09742466373123224,0.3232293897227591,0.0711541359680768,0.8348088932232873,[0.89384221 0.88221974 0.89250128 ... 0.59460013 0.61053772 0.59460013],"[[0.94551738]
 [0.92080653]
 [0.94551738]
 ...
 [0.57982691]
 [0.57500456]
 [0.43863302]]"
1234_x_E.ce,combinatoric,gpuRandomForestImputer_StandardScaler,0.08164373044321538,0.11049742746417651,0.12948045393465724,0.16258967756838114,0.11132524983363422,0.6505052437716651,[0.61511768 0.61511768 0.61511768 ... 0.4209419  0.4209419  0.4209419 ],"[[0.56621503]
 [0.69992615]
 [0.56621503]
 ...
 [0.38589281]
 [0.38589281]
 [0.72069034]]"
1234_x_E.co,combinatoric,gpuRandomForestImputer_StandardScaler,0.06692252003125146,0.1803848908822473,0.2601473634225254,0.902431042420425,0.09055745445594164,0.9027819787922925,[0.40573936 0.40573936 0.40573936 ... 0.34326044 0.33801533 0.33801533],"[[0.37533383]
 [0.42029501]
 [0.37533383]
 ...
 [0.23941059]
 [0.23941059]
 [0.20836221]]"
1234_x_S.en,combinatoric,gpuRandomForestImputer_StandardScaler,0.2454187857956748,0.1174065219060104,136205451169779.48,96.91969894030655,0.32220678920160495,-0.6999268620176133,[0.32053862 0.31867244 0.31811135 ... 0.35230074 0.33733191 0.35230074],"[[0.27277721]
 [0.51424479]
 [0.27277721]
 ...
 [0.        ]
 [0.        ]
 [0.        ]]"
1234_x_S.au,combinatoric,gpuRandomForestImputer_StandardScaler,0.11460687850003365,0.22162354466972212,0.3343604921281404,0.9523123147069192,0.15829288813470202,0.5561055659812446,[0.87726331 0.88089901 0.87771033 ... 0.59308147 0.59341281 0.59341281],"[[0.80384281]
 [0.90118178]
 [0.9146671 ]
 ...
 [0.57845471]
 [0.72096599]
 [0.72096599]]"
1273_x_E.ce,combinatoric,gpuRandomForestImputer_StandardScaler,0.09008108495100375,0.03329567894428368,0.12821639840888863,0.07835472101827719,0.11642269441296393,0.5278384459654445,[0.78661839 0.78661839 0.77705162 ... 0.81597686 0.81597686 0.81597686],"[[0.58027284]
 [0.62997734]
 [0.62997734]
 ...
 [0.97210151]
 [0.88825073]
 [0.91438627]]"
1273_x_E.co,combinatoric,gpuRandomForestImputer_StandardScaler,0.09115040441514359,0.1994908989205055,0.1761973367599049,0.18323185342245457,0.13684070242053295,0.6749154516460608,[0.45624317 0.45624317 0.45624317 ... 0.79278616 0.76401871 0.75164643],"[[0.44415041]
 [0.44415041]
 [0.36530147]
 ...
 [0.76102029]
 [0.62563646]
 [0.76102029]]"
1273_x_S.en,combinatoric,gpuRandomForestImputer_StandardScaler,0.15863412573869204,0.20663211110491292,0.3545225973657741,0.27796252592842574,0.22069046567918635,0.28505404935102274,[0.4551211  0.39966613 0.44345257 ... 0.77908263 0.79505694 0.79505694],"[[0.50859862]
 [0.44532886]
 [0.45565884]
 ...
 [0.23763899]
 [0.94403186]
 [0.98775245]]"
1273_x_S.au,combinatoric,gpuRandomForestImputer_StandardScaler,0.1891274640543441,0.09648256875231616,0.21776201672170653,0.16324230518387656,0.2307262040645811,-2.4644991677964954,[0.94490305 0.96034939 0.95095012 ... 0.63183551 0.63315555 0.63315555],"[[0.60095033]
 [0.93156845]
 [0.93156845]
 ...
 [0.99994395]
 [1.        ]
 [1.        ]]"
1298_x_E.ce,combinatoric,gpuRandomForestImputer_StandardScaler,0.09969189377380222,0.13794647078550346,0.17488584695041126,0.15557134991918828,0.11804962010550904,0.6516963752295467,[0.53846351 0.53846351 0.53846351 ... 0.60925415 0.60925415 0.60925415],"[[0.36149194]
 [0.43979194]
 [0.43979194]
 ...
 [0.69860234]
 [0.53338386]
 [0.72556523]]"
1298_x_E.co,combinatoric,gpuRandomForestImputer_StandardScaler,0.09758189989683551,0.26058103618336614,0.23390178235337283,0.23127041868041792,0.11321985581331473,0.8425805297699529,[0.33557882 0.33557882 0.33557882 ... 0.45224827 0.40531474 0.40531474],"[[0.51022149]
 [0.38337098]
 [0.51022149]
 ...
 [0.336191  ]
 [0.28267304]
 [0.336191  ]]"
1298_x_S.en,combinatoric,gpuRandomForestImputer_StandardScaler,0.10614800421732017,0.12281764869587931,0.2911992771978733,0.17082307475671402,0.12802669484086956,0.48792738730017093,[0.35385278 0.35126568 0.35385278 ... 0.41952868 0.39392209 0.39392209],"[[0.31917066]
 [0.31917066]
 [0.52796393]
 ...
 [0.21471827]
 [0.21471827]
 [0.29892466]]"
1298_x_S.au,combinatoric,gpuRandomForestImputer_StandardScaler,0.09388616771349734,0.15633091611340455,0.17466555217796753,0.37875525366528395,0.1131357422167913,0.6727673251321573,[0.88791809 0.88253561 0.88897185 ... 0.49788392 0.50013616 0.50013616],"[[0.75748653]
 [0.75748653]
 [0.75748653]
 ...
 [0.43881792]
 [0.43881792]
 [0.4706547 ]]"
1339_x_E.ce,combinatoric,gpuRandomForestImputer_StandardScaler,0.1522630859239372,0.12929153151843634,0.5790459414648971,0.684374314141438,0.19278871064652572,0.5617446970514619,[0.54873143 0.54873143 0.55058221 ... 0.52018041 0.52737428 0.52971941],"[[0.58048175]
 [0.58666233]
 [0.58048175]
 ...
 [0.22604631]
 [0.26073352]
 [0.22604631]]"
1339_x_E.co,combinatoric,gpuRandomForestImputer_StandardScaler,0.09128146956345672,0.23322848116933884,0.48192578944343545,0.46711348999218244,0.10914253655477801,0.8763258874809675,[0.28494264 0.28494264 0.28494264 ... 0.24869363 0.25792791 0.25792791],"[[0.31664838]
 [0.31664838]
 [0.39582572]
 ...
 [0.11560503]
 [0.17233788]
 [0.17233788]]"
1339_x_S.en,combinatoric,gpuRandomForestImputer_StandardScaler,0.1436097178771033,0.20104372964334138,0.4561755179513297,0.4397364948843355,0.16655568035833118,0.5960050938775436,[0.27372067 0.27722269 0.2758565  ... 0.31437212 0.3135663  0.31437212],"[[0.49677968]
 [0.49677968]
 [0.34892035]
 ...
 [0.20434278]
 [0.20434278]
 [0.20434278]]"
1339_x_S.au,combinatoric,gpuRandomForestImputer_StandardScaler,0.11655092219771508,0.21962247884462727,0.29652323143415144,0.7508117995703542,0.14700371130774192,0.6303248560413575,[0.89811627 0.91006215 0.90062258 ... 0.52050339 0.52339743 0.52339743],"[[0.91374737]
 [0.94219027]
 [0.65657944]
 ...
 [0.37047272]
 [0.37047272]
 [0.40574128]]"
11285_x_E.ce,combinatoric,gpuRandomForestImputer_StandardScaler,0.06769688590622201,0.04876813906393111,0.07137726126114957,0.04810389435576798,0.08440076480128832,-1.9951625478713013,[0.80429089 0.80429089 0.80429089 ... 0.92637044 0.92637044 0.92637044],"[[0.98451715]
 [0.98451715]
 [0.91348945]
 ...
 [0.94066202]
 [0.94066202]
 [0.96621555]]"
11285_x_E.co,combinatoric,gpuRandomForestImputer_StandardScaler,0.08456780841938347,0.14595965284212686,0.15595790233251486,0.11298812937922152,0.10740827587824005,0.7931807738551957,[0.47553539 0.47553539 0.47553539 ... 0.82760154 0.82363727 0.82363727],"[[0.32310936]
 [0.40226433]
 [0.32310936]
 ...
 [0.81702822]
 [0.86183369]
 [0.81702822]]"
11285_x_S.en,combinatoric,gpuRandomForestImputer_StandardScaler,0.09480025350067191,0.1434809141595596,0.18058702832078344,0.11179205100610239,0.10531250242064265,0.7444535138340753,[0.40922482 0.41290227 0.40922482 ... 0.83729631 0.83729631 0.83729631],"[[0.29211455]
 [0.30351804]
 [0.30351804]
 ...
 [0.70396517]
 [0.70396517]
 [0.81070028]]"
11285_x_S.au,combinatoric,gpuRandomForestImputer_StandardScaler,0.1078869674367438,0.016614680303374013,0.11046600399506054,0.020659293234994106,0.12080405592548189,-5.596468938322535,[0.93805875 0.93104674 0.93826215 ... 0.84721589 0.84687113 0.84687113],"[[0.84723405]
 [0.84723405]
 [0.84723405]
 ...
 [0.99529203]
 [0.99529203]
 [0.99529203]]"
11457_x_E.ce,combinatoric,gpuRandomForestImputer_StandardScaler,0.0393548635703114,0.05608878949694996,0.04686227065057544,0.07243544024811355,0.0549493786363445,0.3184989980720937,[0.94424498 0.94424498 0.94424498 ... 0.91094875 0.91094875 0.91094875],"[[0.78374516]
 [0.78374516]
 [0.78374516]
 ...
 [0.92483339]
 [0.85893472]
 [0.90024691]]"
11457_x_E.co,combinatoric,gpuRandomForestImputer_StandardScaler,0.07188827175337476,0.22428312395067315,0.10030481003165566,0.2079817879011028,0.09417224362033075,0.8603757286315643,[0.43181461 0.43181461 0.43181461 ... 0.827828   0.81576808 0.81576808],"[[0.37587003]
 [0.48232297]
 [0.37587003]
 ...
 [0.8603028 ]
 [0.8603028 ]
 [0.95518657]]"
11457_x_S.en,combinatoric,gpuRandomForestImputer_StandardScaler,0.102692094149616,0.17428074018575038,0.21270424048649347,0.19909163689731746,0.12469201710365245,0.7270152626442592,[0.3793623  0.3916576  0.37853649 ... 0.83208734 0.84171146 0.83208734],"[[0.20988306]
 [0.20988306]
 [0.20988306]
 ...
 [0.88924878]
 [0.87072956]
 [0.88924878]]"
11457_x_S.au,combinatoric,gpuRandomForestImputer_StandardScaler,0.09668246317134203,0.023616916396762038,0.09874141037595578,0.024551451546972164,0.12500718721692364,-11.8867537678722,[0.94534352 0.94561038 0.94596643 ... 0.83973662 0.83737012 0.83737012],"[[0.98772021]
 [0.94660322]
 [0.98772021]
 ...
 [0.99892703]
 [0.99707015]
 [0.99892703]]"
12001_x_E.ce,combinatoric,gpuRandomForestImputer_StandardScaler,0.04596056611506056,0.07226868803683054,0.05418561438553321,0.0744348120180291,0.05742243100279451,0.36866072394007887,[0.76764404 0.7645744  0.77133625 ... 0.90688813 0.90462317 0.90688813],"[[0.79475732]
 [0.79475732]
 [0.79475732]
 ...
 [0.9234756 ]
 [0.9234756 ]
 [0.89939665]]"
12001_x_E.co,combinatoric,gpuRandomForestImputer_StandardScaler,0.08572684782084633,0.23158990123609846,0.10380111602610978,0.22589684750540406,0.11438677176504276,0.7823150142220907,[0.43221527 0.43221527 0.43221527 ... 0.80596627 0.79832407 0.79832407],"[[0.48296558]
 [0.40737366]
 [0.40737366]
 ...
 [0.91659296]
 [0.93965865]
 [0.93965865]]"
12001_x_S.en,combinatoric,gpuRandomForestImputer_StandardScaler,0.09746627409946104,0.16521727208355494,0.36113995249315095,0.6921054051090373,0.12990539743396545,0.7238407918921284,[0.41015819 0.41448893 0.40790955 ... 0.8528889  0.85513754 0.8528889 ],"[[0.11595643]
 [0.42955449]
 [0.11595643]
 ...
 [0.91417669]
 [0.91417669]
 [0.77917198]]"
12001_x_S.au,combinatoric,gpuRandomForestImputer_StandardScaler,0.08526934287494575,0.04788390227327462,0.09835709484027179,0.061501610755071795,0.10805915789937781,-3.595259206566203,[0.93625479 0.94293789 0.93369564 ... 0.86512286 0.86531281 0.86531281],"[[0.92651453]
 [0.92651453]
 [0.78825672]
 ...
 [0.89610277]
 [0.94533914]
 [0.94533914]]"
12048_x_E.ce,combinatoric,gpuRandomForestImputer_StandardScaler,0.06848768309793665,0.04160671363459728,0.07529356299183193,0.052441995787277325,0.0935500147987116,-0.8398456139662254,[0.89697716 0.89697716 0.90840553 ... 0.87404763 0.87213321 0.87404763],"[[0.99176781]
 [0.99176781]
 [0.98205471]
 ...
 [0.75189398]
 [0.90756892]
 [0.90756892]]"
12048_x_E.co,combinatoric,gpuRandomForestImputer_StandardScaler,0.05386385155325595,0.20161315818610012,0.09581117108981528,0.18107668100443303,0.06729855817099535,0.9280852979322736,[0.43199786 0.43199786 0.43199786 ... 0.82164907 0.79120577 0.79120577],"[[0.38193534]
 [0.38193534]
 [0.38193534]
 ...
 [0.83077776]
 [0.83077776]
 [0.88097163]]"
12048_x_S.en,combinatoric,gpuRandomForestImputer_StandardScaler,0.10416520338691546,0.13299543903451855,0.9063561888114741,2.155361639416384,0.14614723443174188,0.7251691975214039,[0.4242488  0.43628283 0.4242488  ... 0.81523306 0.81667435 0.81523306],"[[0.05203706]
 [0.35335252]
 [0.30769525]
 ...
 [0.89975877]
 [0.89975877]
 [0.86838695]]"
12048_x_S.au,combinatoric,gpuRandomForestImputer_StandardScaler,0.10469358999051388,0.014704798189691318,0.10634690407180593,0.014545966997320293,0.11888999508684142,-8.97741696937164,[0.93321273 0.92322883 0.93461433 ... 0.81213452 0.81354514 0.81354514],"[[0.97039675]
 [0.97761851]
 [0.87807663]
 ...
 [0.99956886]
 [0.99956886]
 [0.99956886]]"
12701_x_E.ce,combinatoric,gpuRandomForestImputer_StandardScaler,0.1623746709094609,0.1311290041251582,0.19089402708334927,0.10734496407485533,0.20882500943417986,-1.536106537461821,[0.53101525 0.53101525 0.53101525 ... 0.61842392 0.61676194 0.61842392],"[[0.7171057 ]
 [0.7171057 ]
 [0.7171057 ]
 ...
 [0.88223754]
 [0.77827844]
 [0.88223754]]"
12701_x_E.co,combinatoric,gpuRandomForestImputer_StandardScaler,0.18069927374878747,0.22033474295970437,0.9677203321111418,0.7054381246936233,0.2612908425521367,0.38954511779791123,[0.41170541 0.41170541 0.41170541 ... 0.68299902 0.69087149 0.69087149],"[[0.45942264]
 [0.41486875]
 [0.45942264]
 ...
 [0.13633384]
 [0.2366919 ]
 [0.2366919 ]]"
12701_x_S.en,combinatoric,gpuRandomForestImputer_StandardScaler,0.1608917857502176,0.14597205541372563,0.28157630417513174,0.16369493817380876,0.18949685379552533,-0.42593729388407575,[0.39708614 0.40274236 0.39994726 ... 0.4921532  0.4921532  0.4921532 ],"[[0.49806811]
 [0.6086484 ]
 [0.6086484 ]
 ...
 [0.70306232]
 [0.70306232]
 [0.70306232]]"
12701_x_S.au,combinatoric,gpuRandomForestImputer_StandardScaler,0.17097789483496337,0.18600804794794987,0.3345945687510232,0.4129203871867827,0.21515486339953035,-0.23133745034144781,[0.93210367 0.92227184 0.93210367 ... 0.82921159 0.83687003 0.83687003],"[[0.83122257]
 [0.9301025 ]
 [0.95467772]
 ...
 [0.51653222]
 [0.52714431]
 [0.51653222]]"
12832_x_E.ce,combinatoric,gpuRandomForestImputer_StandardScaler,0.09460450362312874,0.05147761720258723,0.13020793324671986,0.08077750742734244,0.11313012068525351,0.3543406697573618,[0.7976866  0.7976866  0.7976866  ... 0.83861144 0.83729711 0.8391417 ],"[[0.58272752]
 [0.67187312]
 [0.7222509 ]
 ...
 [0.90344707]
 [0.72909638]
 [0.90344707]]"
12832_x_E.co,combinatoric,gpuRandomForestImputer_StandardScaler,0.05723249563891531,0.19431015503943472,0.08711313233644655,0.2014939522446623,0.08094261799991814,0.852655586407052,[0.4078447  0.4078447  0.4078447  ... 0.78067523 0.76624039 0.76624039],"[[0.48896226]
 [0.36435971]
 [0.36435971]
 ...
 [0.88532199]
 [0.88532199]
 [0.88532199]]"
12832_x_S.en,combinatoric,gpuRandomForestImputer_StandardScaler,0.19155976619284537,0.17628858832526403,0.8537675733236025,0.5114545302023757,0.2500793047103929,0.25989516420688563,[0.3725836  0.37365122 0.3708948  ... 0.82517333 0.82517333 0.82517333],"[[0.28210822]
 [0.4720613 ]
 [0.4720613 ]
 ...
 [0.92665552]
 [0.74858424]
 [0.74858424]]"
12832_x_S.au,combinatoric,gpuRandomForestImputer_StandardScaler,0.08426851076666318,0.07526185466700845,0.10586142435176724,0.11377038188262331,0.10398007435898457,-0.312399117564661,[0.91981032 0.9302245  0.92494184 ... 0.8026331  0.80683717 0.80683717],"[[0.93240842]
 [0.93240842]
 [0.96880127]
 ...
 [0.66850347]
 [0.88247085]
 [0.66850347]]"
B1_x_E.ce,combinatoric,gpuRandomForestImputer_StandardScaler,0.10488133252164716,0.0848321484400671,0.1836013365771428,0.22340696457638964,0.15568986217027422,0.19469734077402756,[0.78787371 0.78787371 0.79050263 ... 0.79290398 0.79398689 0.7966464 ],"[[0.42509385]
 [0.42509385]
 [0.66837588]
 ...
 [0.87453569]
 [0.91341457]
 [0.91341457]]"
B1_x_E.co,combinatoric,gpuRandomForestImputer_StandardScaler,0.04192289865463569,0.21070139452924716,0.059337129172672295,0.24593946862970184,0.06323263710010667,0.9104669317068587,[0.39838552 0.39838552 0.39838552 ... 0.69994132 0.66547274 0.66547274],"[[0.40097912]
 [0.39834738]
 [0.39617026]
 ...
 [0.76610499]
 [0.76610499]
 [0.76946686]]"
B1_x_S.en,combinatoric,gpuRandomForestImputer_StandardScaler,0.10658525144342507,0.22281265334986994,0.16294373861198214,0.21275407051680537,0.13151919018524313,0.675842548347775,[0.35225037 0.36215086 0.35293583 ... 0.72805731 0.73302729 0.72805731],"[[0.36505974]
 [0.36505974]
 [0.31869931]
 ...
 [0.92409418]
 [0.92409418]
 [0.92409418]]"
B1_x_S.au,combinatoric,gpuRandomForestImputer_StandardScaler,0.1287785821409641,0.10878745275137285,0.1670507603139773,0.16899641210663993,0.14758326390491586,-0.39724534555604807,[0.93519431 0.91861482 0.93576941 ... 0.67814709 0.6689429  0.6689429 ],"[[0.96636701]
 [0.73315454]
 [0.94713401]
 ...
 [0.64199834]
 [0.64199834]
 [0.64199834]]"
B8_x_E.ce,combinatoric,gpuRandomForestImputer_StandardScaler,0.09579863645136807,0.041201436087889065,0.09924395111268182,0.03835340659083314,0.1312635663045122,-9.149945057310397,[0.80488932 0.79862063 0.79862063 ... 0.85281606 0.85131646 0.85281606],"[[0.98038748]
 [0.95596408]
 [0.98038748]
 ...
 [0.87437664]
 [0.89666384]
 [0.89666384]]"
B8_x_E.co,combinatoric,gpuRandomForestImputer_StandardScaler,0.09124665178089274,0.14919782456022818,0.1335607582109868,0.09329388755426118,0.1217202097227999,0.7577538023433267,[0.49509627 0.49509627 0.49509627 ... 0.68738536 0.70248719 0.70248719],"[[0.40134686]
 [0.39904629]
 [0.40134686]
 ...
 [0.88777914]
 [0.88777914]
 [0.89888459]]"
B8_x_S.en,combinatoric,gpuRandomForestImputer_StandardScaler,0.11858842305857384,0.17206151964737396,203207357332252.75,145.81636327298125,0.17253604780548573,0.5674062828637187,[0.48115437 0.48343329 0.48115437 ... 0.82718036 0.82718036 0.82718036],"[[0.40655816]
 [0.37063027]
 [0.40655816]
 ...
 [0.89745489]
 [0.81122728]
 [0.81122728]]"
B8_x_S.au,combinatoric,gpuRandomForestImputer_StandardScaler,0.14775116790841747,0.018882663943104047,0.1497406221551103,0.022976493508603004,0.16696151327509395,-12.376432169105737,[0.94244216 0.923578   0.94093334 ... 0.74610569 0.74353278 0.74353278],"[[0.96152962]
 [0.84691344]
 [0.97948001]
 ...
 [0.99977629]
 [0.99974418]
 [0.99977629]]"
B18_x_E.ce,combinatoric,gpuRandomForestImputer_StandardScaler,0.10706809277055823,0.13650857654034995,0.13312111197812834,0.12883545351366327,0.1434325657372438,-0.10401673941242962,[0.57176167 0.57176167 0.57459992 ... 0.5919839  0.590452   0.5919839 ],"[[0.65450303]
 [0.65450303]
 [0.65450303]
 ...
 [0.91126658]
 [0.66194838]
 [0.80723995]]"
B18_x_E.co,combinatoric,gpuRandomForestImputer_StandardScaler,0.10879392933845333,0.20447237630996648,0.348280397553824,0.21910930960711514,0.1624310036258555,0.6743295210828761,[0.41545043 0.41545043 0.41545043 ... 0.36628042 0.33356312 0.33356312],"[[0.37835684]
 [0.42659821]
 [0.34547948]
 ...
 [0.31875414]
 [0.25509998]
 [0.31875414]]"
B18_x_S.en,combinatoric,gpuRandomForestImputer_StandardScaler,0.11552523167397147,0.10240129828209121,0.30063052819458175,0.23678461294341097,0.1361439974061675,0.38734408152267885,[0.41119429 0.41301706 0.41119429 ... 0.3256489  0.32521272 0.32521272],"[[0.41617595]
 [0.4818378 ]
 [0.25336463]
 ...
 [0.50682367]
 [0.22560538]
 [0.22560538]]"
B18_x_S.au,combinatoric,gpuRandomForestImputer_StandardScaler,0.1604943385552558,0.18788668196415573,0.3143072936057264,0.4091222183916995,0.19423325237921274,-0.028343512635701895,[0.93479926 0.9228819  0.934643   ... 0.62005977 0.61065081 0.61065081],"[[0.94505321]
 [0.94505321]
 [0.94505321]
 ...
 [0.47260031]
 [0.58194566]
 [0.58194566]]"
C5_x_E.ce,combinatoric,gpuRandomForestImputer_StandardScaler,0.08986726562242847,0.12032161787652466,0.14116663980614982,0.12285627376746959,0.11185089134486602,0.4864396286146494,[0.63466289 0.63466289 0.6369005  ... 0.7572667  0.75287795 0.73769057],"[[0.61741846]
 [0.51342435]
 [0.64749359]
 ...
 [0.55905769]
 [0.55905769]
 [0.55905769]]"
C5_x_E.co,combinatoric,gpuRandomForestImputer_StandardScaler,0.10275376648877718,0.21418038677094506,0.27698001676277423,0.23585682985111714,0.13989518212239094,0.7241954566031258,[0.38411488 0.38411488 0.38411488 ... 0.4995017  0.50123905 0.50123905],"[[0.62896479]
 [0.37594786]
 [0.41602359]
 ...
 [0.27393508]
 [0.40317314]
 [0.40317314]]"
C5_x_S.en,combinatoric,gpuRandomForestImputer_StandardScaler,0.12047994971387205,0.10766682839613509,0.2878689454399199,0.1436659533642717,0.14844161400740535,0.0669496021180308,[0.3550122  0.36244604 0.3550122  ... 0.48101976 0.47791642 0.48101976],"[[0.32949037]
 [0.32949037]
 [0.49960014]
 ...
 [0.23039224]
 [0.53639065]
 [0.45761743]]"
C5_x_S.au,combinatoric,gpuRandomForestImputer_StandardScaler,0.09131253365016131,0.14091798153854035,0.1447863856215355,0.3174998889135666,0.11868223588324042,0.4842319791896549,[0.90744129 0.89450802 0.90418302 ... 0.60857689 0.62461231 0.61287427],"[[0.92403973]
 [0.98145982]
 [0.98145982]
 ...
 [0.64398475]
 [0.4335643 ]
 [0.64398475]]"
