,Bacillus,Pathogene,B_Biofilm_Height,B_Biofilm_Roughness,B_Biofilm_SubstratumCoverage,B_Biofilm_Volume,P_Biofilm_Height,P_Biofilm_Volume,P_Biofilm_SubstratumCoverage,Modele,Score
0,11285,E.ce,96.0967,0.38732,0.54785,574453.1089,16.4212,137500.1113,,I,0.913489449
1,11285,E.ce,100.5544,0.4909,0.64782,711737.2354,19.9876,355720.2488,,I,0.984517149
2,11285,E.ce,121.7441,0.41019,0.61622,706356.2613,19.9349,335603.1025,,I,0.992624371
3,12048,E.ce,32.1094,0.21907,0.718,494908.074,19.9263,62917.5005,,I,0.951883111
4,12048,E.ce,34.3378,0.28813,0.72693,411784.5282,16.7582,63239.712,,I,0.982054715
5,12048,E.ce,139.8936,0.32468,0.26738,834937.476,20.6751,259495.2255,,I,0.991767815
6,B8,E.ce,63.9328,,,62191.6183,19.6801,338960.0253,,I,0.955964078
7,B8,E.ce,30.8739,,,54347.2308,19.9876,355720.2488,,I,0.98038748
8,B8,E.ce,108.5254,,,80672.0923,14.226,33559.6699,,I,0.992372415
9,12701,E.ce,60.5403,0.24358,0.61721,629591.8602,19.9876,355720.2488,,I,0.6237963
10,12701,E.ce,46.2384,0.31254,0.83977,449822.528,12.9845,60777.3345,,I,0.717105704
11,12701,E.ce,46.2384,0.31254,0.83977,449822.528,41.888,3599.1818,,I,0.716313525
12,11457,E.ce,71.1452,0.21812,0.65473,687749.1252,19.7978,129566.2128,,I,0.848429728
13,11457,E.ce,38.6781,0.33454,0.75678,451547.4401,12.6478,25874.8107,,I,0.783745156
14,11457,E.ce,38.0934,0.30893,0.80486,499885.6128,17.8445,334032.7276,,I,0.786601123
15,B18,E.ce,42.3814,,,42243.7472,37.9864,10831.5888,,I,0.612782392
16,B18,E.ce,31.7064,,,63791.7988,19.8387,351449.1457,,I,0.692536962
17,B18,E.ce,42.3814,,,42243.7472,37.9864,10831.5888,,I,0.654503033
18,B1,E.ce,101.0844,,,45150.1955,12.6478,25874.8107,,I,0.425093847
19,B1,E.ce,57.8646,,,70480.7358,20.6751,259495.2255,,I,0.668375876
20,B1,E.ce,57.8646,,,70480.7358,20.6751,259495.2255,,I,0.629559491
21,12832,E.ce,53.0122,0.30878,0.76261,424742.5809,16.4212,137500.1113,,I,0.722250905
22,12832,E.ce,35.8943,0.27081,0.75712,488859.2751,15.0361,95814.5721,,I,0.671873123
23,12832,E.ce,35.8943,0.27081,0.75712,488859.2751,17.1181,312492.0215,,I,0.582727516
24,1273,E.ce,74.9124,,0.91748,806698.4627,16.7582,63239.712,,I,0.629977344
25,1273,E.ce,38.5834,,0.94138,690583.2019,12.4926,73591.0206,,I,0.58704173
26,1273,E.ce,84.965,,0.86835,1045719.6749,12.9845,60777.3345,,I,0.580272842
27,12001,E.ce,30.6938,0.26862,0.87256,462078.6654,12.6478,25874.8107,,I,0.79475732
28,12001,E.ce,45.7157,0.27961,0.65956,520568.595,17.9065,147931.0429,,I,0.770548825
29,12001,E.ce,45.7157,0.27961,0.65956,520568.595,16.4212,137500.1113,,I,0.778161671
30,1202,E.ce,85.6834,,0.75073,615508.2568,20.6751,259495.2255,,I,0.149063551
31,1202,E.ce,81.4623,,0.68268,669640.1149,17.9065,147931.0429,,I,0.596500965
32,1202,E.ce,96.041,,0.74585,525624.4383,16.4212,137500.1113,,I,0.612621901
33,1234,E.ce,47.8742,,0.90502,430774.0521,41.888,3599.1818,,I,0.699926149
34,1234,E.ce,66.1102,,0.90579,417450.9865,16.7582,63239.712,,I,0.58704173
35,1234,E.ce,95.4628,,0.93539,983207.2106,18.7708,156140.9612,,I,0.566215034
36,C5,E.ce,74.6364,,,13411.8704,18.7708,156140.9612,,I,0.61741846
37,C5,E.ce,22.9543,,,53739.5351,18.3367,195676.4463,,I,0.513424347
38,C5,E.ce,53.6051,,,34813.2952,18.533,339632.8413,,I,0.647493586
39,1218,E.ce,139.2205,,0.58605,939148.4282,19.6417,120367.2469,,I,0.409030031
40,1218,E.ce,63.1462,,0.93241,576854.5567,17.8136,185840.7796,,I,0.625758393
41,1218,E.ce,74.7426,,0.93027,535295.1146,19.9252,366016.9373,,I,0.714031272
42,1298,E.ce,93.2598,,0.84221,1422671.7437,19.8387,351449.1457,,I,0.361491941
43,1298,E.ce,92.4086,,0.88749,749299.2399,17.8136,185840.7796,,I,0.43979194
44,1298,E.ce,70.3924,,0.79739,776210.1373,18.7708,156140.9612,,I,0.568348235
45,1219,E.ce,108.5523,,0.78906,1274417.0768,15.0361,95814.5721,,I,0.217034613
46,1219,E.ce,122.8027,,0.52958,594919.8709,19.7106,338286.8326,,I,0.269192824
47,1219,E.ce,154.3524,,0.89753,1434115.5014,17.0281,332652.5343,,I,0.561884052
48,1167,E.ce,87.6154,,0.91075,847915.1166,17.8136,185840.7796,,I,0.471144382
49,1167,E.ce,64.084,,0.92758,632739.9553,16.7582,63239.712,,I,0.728316224
50,1167,E.ce,64.084,,0.92758,632739.9553,18.7708,156140.9612,,I,0.719851859
51,1339,E.ce,91.8112,,0.70071,1143134.8983,19.2999,96787.469,,I,0.167776598
52,1339,E.ce,99.6865,,0.84019,1157246.2355,19.6801,338960.0253,,I,0.580481745
53,1339,E.ce,85.1183,,0.58028,731235.8562,16.4212,137500.1113,,I,0.586662326
54,11285,S.en,96.0967,0.38732,0.54785,574453.1089,76.8487,444981.8237,0.61298,I,0.292114551
55,11285,S.en,46.2635,0.34717,0.76549,454995.2865,58.0161,15183.9629,0.049587,I,0.30351804
56,11285,S.en,71.2709,0.24003,0.74907,717122.4472,107.9308,380735.1563,0.48463,I,0.502661166
57,12048,S.en,71.0897,0.3289,0.76693,708334.733,76.8487,444981.8237,0.61298,I,0.307695246
58,12048,S.en,50.0385,0.22513,0.72102,655419.4434,107.9308,380735.1563,0.48463,I,0.052037063
59,12048,S.en,71.0897,0.3289,0.76693,708334.733,76.8487,444981.8237,0.61298,I,0.353352521
60,B8,S.en,63.9328,,,62191.6183,75.8578,370315.8214,,I,0.370630273
61,B8,S.en,108.5254,,,80672.0923,76.8487,444981.8237,0.61298,I,0.0
62,B8,S.en,108.5254,,,80672.0923,68.2667,22063.0887,0.09293,I,0.406558157
63,12701,S.en,81.2717,0.26945,0.56917,834387.1315,88.208,386840.9901,,I,0.608648398
64,12701,S.en,82.2903,0.18575,0.60345,844021.881,95.9692,297155.0753,,I,0.344344087
65,12701,S.en,88.7718,0.17408,0.58864,785286.6318,103.159,342789.2236,,I,0.498068106
66,11457,S.en,52.388,0.36317,0.71774,450412.2838,78.9838,12945.9986,0.026665,I,0.394264088
67,11457,S.en,56.7236,0.33275,0.43796,341027.2547,82.4264,177582.6449,,I,0.209883064
68,11457,S.en,119.9265,0.41017,0.37843,594974.5381,70.1247,357065.6454,,I,0.598381555
69,B18,S.en,28.0687,,,59510.4308,73.062,146448.5781,,I,0.416175948
70,B18,S.en,17.8423,,,65398.5713,89.2673,346366.6986,,I,0.253364625
71,B18,S.en,17.8423,,,65398.5713,89.2673,346366.6986,,I,0.4818378
72,B1,S.en,57.8646,,,70480.7358,82.8157,392885.5513,,I,0.365059739
73,B1,S.en,101.0844,,,45150.1955,82.4264,177582.6449,,I,0.318699309
74,B1,S.en,101.0844,,,45150.1955,82.4264,177582.6449,,I,0.45865587
75,12832,S.en,49.7119,0.26846,0.7891,503184.4311,73.062,146448.5781,,I,0.282108224
76,12832,S.en,42.6886,0.2747,0.73991,458728.4288,97.9014,323987.8095,,I,0.19281484
77,12832,S.en,38.0143,0.3592,0.66306,306821.3726,102.3447,367189.3389,,I,0.472061305
78,1273,S.en,84.965,,0.86835,1045719.6749,64.1927,10724.4675,0.026245,I,0.508598622
79,1273,S.en,38.5834,,0.94138,690583.2019,70.1247,357065.6454,,I,0.455658836
80,1273,S.en,78.9212,,0.93886,741537.3947,44.6861,12627.0361,0.044441,I,0.445328861
81,12001,S.en,56.7061,0.33711,0.62807,474812.399,68.2667,22063.0887,0.09293,I,0.456190065
82,12001,S.en,31.0312,0.23873,0.85251,440348.5311,81.1474,446035.4667,,I,0.115956426
83,12001,S.en,60.9442,0.3802,0.85167,489978.7045,45.7929,16581.7665,0.054882,I,0.429554493
84,1202,S.en,96.041,,0.74585,525624.4383,91.5942,338081.3481,,I,0.305393257
85,1202,S.en,102.8115,,0.67602,751099.8667,45.7929,16581.7665,0.054882,I,0.062837833
86,1202,S.en,75.3804,,0.64174,643172.2524,81.518,25342.7827,0.037964,I,0.369686417
87,1234,S.en,60.4384,,0.91917,424166.5273,78.6968,420432.6316,,I,0.514244786
88,1234,S.en,66.1102,,0.90579,417450.9865,70.1247,357065.6454,,I,0.272777208
89,1234,S.en,80.0871,,0.9484,898273.8562,81.1474,446035.4667,,I,0.585912243
90,C5,S.en,28.7078,,,45813.7355,78.6968,420432.6316,,I,0.499600142
91,C5,S.en,26.2022,,,52086.9476,82.4264,177582.6449,,I,0.329490368
92,C5,S.en,82.5108,,,11636.8114,103.159,342789.2236,,I,0.632211876
93,1218,S.en,106.5276,,0.82373,1066201.3162,64.1927,10724.4675,0.026245,I,0.393248746
94,1218,S.en,58.0652,,0.93002,539621.6383,71.586,8102.5637,0.036087,I,0.052139415
95,1218,S.en,129.0357,,0.76493,1277507.2087,91.3491,176103.4762,,I,0.261054552
96,1298,S.en,157.2154,,0.65607,1853010.2006,88.208,386840.9901,,I,0.527963925
97,1298,S.en,102.9972,,0.75742,1169539.3356,62.4745,224787.686,,I,0.449455169
98,1298,S.en,157.2154,,0.65607,1853010.2006,75.8578,370315.8214,,I,0.319170661
99,1219,S.en,81.7095,,0.71875,620335.8258,68.2667,22063.0887,0.09293,I,0.567097559
100,1219,S.en,81.7095,,0.71875,620335.8258,62.4745,224787.686,,I,0.201229705
101,1219,S.en,100.6864,,0.7851,1398418.7261,89.2673,346366.6986,,I,0.511699286
102,1167,S.en,81.2287,,0.89949,927301.5649,76.8487,444981.8237,0.61298,I,0.729653972
103,1167,S.en,87.6154,,0.91075,847915.1166,107.9308,380735.1563,0.48463,I,0.326544495
104,1167,S.en,83.5171,,0.84235,865147.0977,97.9014,323987.8095,,I,0.532976759
105,1339,S.en,84.975,,0.60564,866652.3051,70.3829,214009.1704,0.41749,I,0.496779683
106,1339,S.en,91.8112,,0.70071,1143134.8983,44.6861,12627.0361,0.044441,I,0.348920347
107,1339,S.en,71.415,,0.49646,658454.5314,82.8157,392885.5513,,I,0.447626987
108,11285,E.co,41.6976,0.19756,0.78922,629243.4687,23.8008,332634.4061,0.79778,I,0.323109364
109,11285,E.co,100.6971,0.2894,0.1895,470339.0603,53.4666,64873.9829,0.27303,I,0.395120694
110,11285,E.co,143.7089,0.52259,0.37982,659329.536,23.8008,332634.4061,0.79778,I,0.402264335
111,12048,E.co,70.4151,0.51341,0.35812,304921.8175,25.0612,371927.1613,0.81522,I,0.384972085
112,12048,E.co,34.3378,0.28813,0.72693,411784.5282,25.5057,329203.3773,0.77758,I,0.369226696
113,12048,E.co,139.8936,0.32468,0.26738,834937.476,40.8594,124700.4569,0.50763,I,0.381935338
114,B8,E.co,87.8657,,,63077.0289,22.3045,326671.4455,0.78153,I,0.369889451
115,B8,E.co,91.6048,,,48258.0789,19.9092,105858.1719,0.41813,I,0.401346859
116,B8,E.co,30.8739,,,54347.2308,24.5719,351089.3122,0.78545,I,0.399046287
117,12701,E.co,78.6709,0.14822,0.68826,830869.3619,21.4661,287187.6141,0.76464,I,0.387085996
118,12701,E.co,39.2297,0.32013,0.75864,429621.8506,53.4666,64873.9829,0.27303,I,0.459422644
119,12701,E.co,118.0415,0.27615,0.46896,1062211.6007,21.4661,287187.6141,0.76464,I,0.414868752
120,11457,E.co,86.4672,0.23588,0.61443,819767.7803,21.4661,287187.6141,0.76464,I,0.40687344
121,11457,E.co,41.8602,0.23928,0.81713,586966.102,23.7006,329630.7246,0.77964,I,0.482322969
122,11457,E.co,45.5184,0.30239,0.78507,491611.4687,57.4364,19063.9202,0.072502,I,0.375870032
123,B18,E.co,18.8614,,,70714.8488,22.3045,326671.4455,0.78153,I,0.345479479
124,B18,E.co,34.399,,,63392.9779,24.1553,337255.1249,0.7974,I,0.426598214
125,B18,E.co,54.7591,,,48454.8054,24.1553,337255.1249,0.7974,I,0.378356835
126,B1,E.co,63.2118,,,64244.863,59.2209,21651.0293,0.084648,I,0.396170256
127,B1,E.co,101.0844,,,45150.1955,22.3045,326671.4455,0.78153,I,0.398347377
128,B1,E.co,112.1991,,,57435.0555,60.783,65178.7725,0.26097,I,0.400979125
129,12832,E.co,45.4961,0.35487,0.73892,362368.2678,21.4977,296127.1345,0.77015,I,0.364359712
130,12832,E.co,51.246,0.36537,0.7281,353082.6161,23.1542,340308.4354,0.81835,I,0.488962263
131,12832,E.co,100.8096,0.6298,0.69699,662214.3717,21.4661,287187.6141,0.76464,I,0.404953855
132,1273,E.co,56.4673,,0.96442,666358.1535,20.7706,281943.1902,0.77699,I,0.386056194
133,1273,E.co,85.5055,,0.78651,985982.1469,24.7937,334167.4886,0.80318,I,0.444150414
134,1273,E.co,84.965,,0.86835,1045719.6749,25.0612,371927.1613,0.81522,I,0.36530147
135,12001,E.co,74.1823,0.30744,0.68488,562740.206,56.8339,24024.8846,0.079399,I,0.482965577
136,12001,E.co,31.0312,0.23873,0.85251,440348.5311,23.5268,336454.4572,0.80819,I,0.407373665
137,12001,E.co,30.6938,0.26862,0.87256,462078.6654,21.0451,316286.1405,0.80289,I,0.415915964
138,1202,E.co,85.6834,,0.75073,615508.2568,23.8008,332634.4061,0.79778,I,0.432393954
139,1202,E.co,92.1475,,0.60788,630504.4396,22.3045,326671.4455,0.78153,I,0.411680726
140,1202,E.co,75.3804,,0.64174,643172.2524,42.2601,152290.6212,0.52729,I,0.41671517
141,1234,E.co,74.9955,,0.89138,587654.5506,23.1691,289400.8757,0.75349,I,0.420295009
142,1234,E.co,60.4384,,0.91917,424166.5273,23.7006,329630.7246,0.77964,I,0.474425196
143,1234,E.co,74.1553,,0.89063,422371.2212,22.0548,315164.8747,0.79249,I,0.375333831
144,C5,E.co,25.1341,,,62377.2795,51.4117,59035.3301,0.24144,I,0.416023588
145,C5,E.co,44.8437,,,35858.3754,22.2385,287595.3711,0.76022,I,0.628964794
146,C5,E.co,177.5907,,0.70204,283878.9547,24.1553,337255.1249,0.7974,I,0.375947857
147,1218,E.co,63.1462,,0.93241,576854.5567,24.1553,337255.1249,0.7974,I,0.396385065
148,1218,E.co,92.5377,,0.69867,641225.4698,26.7826,317496.0698,0.79156,I,0.401584605
149,1218,E.co,64.2479,,0.92634,595378.3972,22.2385,287595.3711,0.76022,I,0.314445662
150,1298,E.co,157.2154,,0.65607,1853010.2006,21.2543,304732.1539,0.80483,I,0.450632446
151,1298,E.co,102.9972,,0.75742,1169539.3356,21.0451,316286.1405,0.80289,I,0.510221487
152,1298,E.co,93.2598,,0.84221,1422671.7437,23.7006,329630.7246,0.77964,I,0.383370979
153,1219,E.co,154.3524,,0.89753,1434115.5014,22.2385,287595.3711,0.76022,I,0.390290431
154,1219,E.co,108.5523,,0.78906,1274417.0768,59.2209,21651.0293,0.084648,I,0.433375279
155,1219,E.co,110.6563,,0.72987,1514493.3985,59.2209,21651.0293,0.084648,I,0.395255837
156,1167,E.co,52.3253,,0.91991,750643.8831,56.0736,75377.0036,0.31767,I,0.292281461
157,1167,E.co,80.476,,0.91307,964432.1177,23.7006,329630.7246,0.77964,I,0.358797719
158,1167,E.co,107.4404,,0.88591,1529532.0531,25.0612,371927.1613,0.81522,I,0.296143148
159,1339,E.co,96.556,,0.73122,1430265.6322,19.9092,105858.1719,0.41813,I,0.312190767
160,1339,E.co,96.556,,0.73122,1430265.6322,22.2385,287595.3711,0.76022,I,0.39582572
161,1339,E.co,84.975,,0.60564,866652.3051,24.1553,337255.1249,0.7974,I,0.316648382
162,11285,S.au,41.6976,0.19756,0.78922,629243.4687,17.5344,249825.1142,0.67156,II,0.847234052
163,11285,S.au,142.924,0.34305,0.53169,782185.5287,20.2363,292869.5637,0.73303,II,0.97927416
164,11285,S.au,71.2709,0.24003,0.74907,717122.4472,13.919,165086.5558,0.63756,II,0.970689298
165,12048,S.au,75.1684,0.38809,0.7012,679432.0385,20.2363,292869.5637,0.73303,II,0.878076635
166,12048,S.au,70.4151,0.51341,0.35812,304921.8175,20.0758,387362.8695,0.81364,II,0.977618513
167,12048,S.au,34.3378,0.28813,0.72693,411784.5282,18.2566,292196.2298,0.75197,II,0.970396752
168,B8,S.au,87.8657,,,63077.0289,13.919,165086.5558,0.63756,II,0.846913439
169,B8,S.au,34.7639,,,47677.8817,21.3832,33444.7322,0.20438,II,0.979480014
170,B8,S.au,34.7639,,,47677.8817,20.0758,387362.8695,0.81364,II,0.961529619
171,12701,S.au,83.2761,0.15525,0.61228,938260.3808,19.1868,51222.4905,0.32853,II,0.831222569
172,12701,S.au,110.0264,0.18927,0.52737,1034463.8386,20.211,332506.9906,0.76348,II,0.930102498
173,12701,S.au,39.2297,0.32013,0.75864,429621.8506,19.9548,287079.8336,0.72239,II,0.954677722
174,11457,S.au,38.0934,0.30893,0.80486,499885.6128,20.705,383323.5501,0.82185,II,0.889580719
175,11457,S.au,53.2611,0.26707,0.81433,611316.9179,19.7343,342784.9095,0.82544,II,0.987720209
176,11457,S.au,85.9997,0.45031,0.28014,345420.5467,19.6327,313792.4036,0.76438,II,0.946603222
177,B18,S.au,55.7019,,,42192.9411,21.4468,5878.6291,0.034027,II,0.793739009
178,B18,S.au,203.2297,,,27818.0148,34.2944,25511.1106,0.13385,II,0.927118086
179,B18,S.au,225.1848,,,33706.1082,17.4838,281560.8496,0.76748,II,0.945053215
180,B1,S.au,112.1991,,,57435.0555,35.1505,31477.4671,0.16447,II,0.733154541
181,B1,S.au,45.2098,,,66809.6532,18.2566,292196.2298,0.75197,II,0.947134009
182,B1,S.au,52.0671,,,76980.433,16.9475,252159.0783,0.70733,II,0.966367014
183,12832,S.au,49.2673,0.22095,0.78797,576836.2402,35.1505,31477.4671,0.16447,II,0.736215707
184,12832,S.au,38.0143,0.3592,0.66306,306821.3726,17.4838,281560.8496,0.76748,II,0.968801267
185,12832,S.au,49.2673,0.22095,0.78797,576836.2402,19.9548,287079.8336,0.72239,II,0.932408424
186,1273,S.au,62.2079,,0.90733,652295.5035,20.2319,270791.1793,0.68911,II,0.600950329
187,1273,S.au,81.18,,0.96671,704651.361,29.5581,41271.3211,0.20855,II,0.977602033
188,1273,S.au,59.696,,0.90243,708070.2493,16.4262,14370.3589,0.088074,II,0.931568447
189,12001,S.au,34.3016,0.27486,0.85659,507935.6261,18.2566,292196.2298,0.75197,II,0.788256717
190,12001,S.au,56.7061,0.33711,0.62807,474812.399,20.2319,270791.1793,0.68911,II,0.926514534
191,12001,S.au,34.3016,0.27486,0.85659,507935.6261,18.0482,311147.4725,0.77295,II,0.888998811
192,1202,S.au,102.8115,,0.67602,751099.8667,19.9457,364483.9678,0.80032,II,0.644774752
193,1202,S.au,75.3804,,0.64174,643172.2524,19.4814,293078.0147,0.72777,II,0.877514377
194,1202,S.au,92.1475,,0.60788,630504.4396,20.2363,292869.5637,0.73303,II,0.830616926
195,1234,S.au,47.8742,,0.90502,430774.0521,19.9457,364483.9678,0.80032,II,0.803842807
196,1234,S.au,61.7609,,0.91044,423707.6243,20.0189,368303.7143,0.80157,II,0.914667103
197,1234,S.au,80.0871,,0.9484,898273.8562,35.2458,58993.235,0.28762,II,0.901181779
198,C5,S.au,74.6364,,,13411.8704,19.6327,313792.4036,0.76438,II,0.924039734
199,C5,S.au,25.8057,,,66219.0028,20.2363,292869.5637,0.73303,II,0.913568093
200,C5,S.au,235.1767,,0.71325,265181.1304,16.4262,14370.3589,0.088074,II,0.981459817
201,1218,S.au,77.8107,,0.90788,722227.5898,35.1505,31477.4671,0.16447,II,0.943927903
202,1218,S.au,74.6956,,0.93422,611517.4584,35.2458,58993.235,0.28762,II,0.860909397
203,1218,S.au,77.8107,,0.90788,722227.5898,19.4814,293078.0147,0.72777,II,0.942070126
204,1298,S.au,85.7338,,0.85781,678835.6906,21.3832,33444.7322,0.20438,II,0.75748653
205,1298,S.au,75.1406,,0.71959,519150.1206,19.2987,262924.7083,0.7625,II,0.941420617
206,1298,S.au,75.1406,,0.71959,519150.1206,19.2987,262924.7083,0.7625,II,0.951472536
207,1219,S.au,83.9505,,0.74061,848664.7304,16.9475,252159.0783,0.70733,II,0.823884586
208,1219,S.au,108.5523,,0.78906,1274417.0768,20.2363,292869.5637,0.73303,II,0.920806531
209,1219,S.au,149.9104,,0.61388,1294630.5617,19.9732,303964.2707,0.76639,II,0.945517376
210,1167,S.au,68.2658,,0.92618,802934.7143,19.6327,313792.4036,0.76438,II,0.605864797
211,1167,S.au,107.2855,,0.89046,1048314.977,16.9475,252159.0783,0.70733,II,0.83673575
212,1167,S.au,68.2658,,0.92618,802934.7143,19.7343,342784.9095,0.82544,II,0.934828858
213,1339,S.au,59.6199,,0.60337,954346.5641,21.3832,33444.7322,0.20438,II,0.656579443
214,1339,S.au,85.1183,,0.58028,731235.8562,21.4468,5878.6291,0.034027,II,0.942190272
215,1339,S.au,91.8112,,0.70071,1143134.8983,19.4814,293078.0147,0.72777,II,0.913747373
216,11285,E.ce,71.2709,0.24003,0.74907,717122.4472,17.1181,312492.0215,,II,0.964516235
217,11285,E.ce,96.0967,0.38732,0.54785,574453.1089,20.6751,259495.2255,,II,0.970511301
218,11285,E.ce,151.408,0.29604,0.25154,892283.1147,15.0361,95814.5721,,II,0.976644667
219,12048,E.ce,49.2288,0.36851,0.69534,399660.4208,41.888,3599.1818,,II,0.948464486
220,12048,E.ce,43.152,0.20075,0.73439,618108.9739,19.8387,351449.1457,,II,0.984434669
221,12048,E.ce,57.4155,0.43074,0.5276,395717.0913,16.6514,35888.134,,II,0.956136915
222,B8,E.ce,60.5387,,,82300.4304,13.3419,67545.3294,,II,0.948584069
223,B8,E.ce,91.6048,,,48258.0789,17.8445,334032.7276,,II,0.971706106
224,B8,E.ce,67.8769,,,100724.7775,12.4926,73591.0206,,II,0.96583419
225,12701,E.ce,60.5403,0.24358,0.61721,629591.8602,16.6514,35888.134,,II,0.980353255
226,12701,E.ce,81.2717,0.26945,0.56917,834387.1315,19.6614,311707.8935,,II,0.978023152
227,12701,E.ce,39.1569,0.29011,0.80322,414261.5025,19.9349,335603.1025,,II,0.955435424
228,11457,E.ce,53.2611,0.26707,0.81433,611316.9179,18.4109,98698.2778,,II,0.967550225
229,11457,E.ce,39.2359,0.2502,0.80535,500597.0395,18.3367,195676.4463,,II,0.96704582
230,11457,E.ce,53.2611,0.26707,0.81433,611316.9179,19.6801,338960.0253,,II,0.940456889
231,B18,E.ce,57.2808,,,45092.7502,37.9864,10831.5888,,II,0.955824504
232,B18,E.ce,68.2838,,,59596.1749,18.7708,156140.9612,,II,0.956021722
233,B18,E.ce,18.8614,,,70714.8488,17.1181,312492.0215,,II,0.943703721
234,B1,E.ce,59.6351,,,86787.7537,16.7582,63239.712,,II,0.931594308
235,B1,E.ce,47.7678,,,84447.6122,17.0281,332652.5343,,II,0.975999003
236,B1,E.ce,50.436,,,57089.6776,13.3419,67545.3294,,II,0.941593844
237,12832,E.ce,35.8943,0.27081,0.75712,488859.2751,18.7708,156140.9612,,II,0.978647992
238,12832,E.ce,45.4961,0.35487,0.73892,362368.2678,12.8112,49284.2304,,II,0.97984867
239,12832,E.ce,31.0436,0.28626,0.81687,469256.4994,17.8136,185840.7796,,II,0.967890321
240,1273,E.ce,39.9628,,0.95795,756044.6805,19.7978,129566.2128,,II,0.971902806
241,1273,E.ce,62.2079,,0.90733,652295.5035,16.4212,137500.1113,,II,0.977634686
242,1273,E.ce,59.696,,0.90243,708070.2493,19.6417,120367.2469,,II,0.977154368
243,12001,E.ce,31.0078,0.21015,0.88252,460894.4923,37.9864,10831.5888,,II,0.943712235
244,12001,E.ce,31.0471,0.24743,0.9086,484879.2594,17.1181,312492.0215,,II,0.988350861
245,12001,E.ce,74.1823,0.30744,0.68488,562740.206,17.9065,147931.0429,,II,0.848545108
246,1202,E.ce,74.8453,,0.68338,678768.9222,16.9216,215739.3021,,II,0.971397048
247,1202,E.ce,78.6186,,0.67154,612460.0317,17.8445,334032.7276,,II,0.937116407
248,1202,E.ce,102.8115,,0.67602,751099.8667,18.4109,98698.2778,,II,0.832699466
249,1234,E.ce,66.1102,,0.90579,417450.9865,17.8136,185840.7796,,II,0.929704166
250,1234,E.ce,58.2539,,0.9189,473088.3816,17.1181,312492.0215,,II,0.953929825
251,1234,E.ce,80.0871,,0.9484,898273.8562,18.533,339632.8413,,II,0.858096234
252,C5,E.ce,53.6051,,,34813.2952,18.533,339632.8413,,II,0.989248209
253,C5,E.ce,82.5108,,,11636.8114,19.7106,338286.8326,,II,0.953912276
254,C5,E.ce,235.1767,,0.71325,265181.1304,37.9864,10831.5888,,II,0.76820081
255,1218,E.ce,74.7426,,0.93027,535295.1146,19.6801,338960.0253,,II,0.855251787
256,1218,E.ce,74.6956,,0.93422,611517.4584,19.7106,338286.8326,,II,0.926961879
257,1218,E.ce,66.8352,,0.92956,631242.7526,17.8445,334032.7276,,II,0.863377308
258,1298,E.ce,85.7338,,0.85781,678835.6906,12.4926,73591.0206,,II,0.939090389
259,1298,E.ce,92.6131,,0.81479,1190127.8628,18.7708,156140.9612,,II,0.978949414
260,1298,E.ce,92.4086,,0.88749,749299.2399,17.1181,312492.0215,,II,0.781611739
261,1219,E.ce,114.9875,,0.74802,1273745.7676,20.6751,259495.2255,,II,0.96712736
262,1219,E.ce,149.9104,,0.61388,1294630.5617,15.0361,95814.5721,,II,0.990431749
263,1219,E.ce,92.6392,,0.79491,968947.9283,19.6616,342774.4385,,II,0.884017235
264,1167,E.ce,67.9052,,0.9353,767452.0875,15.0361,95814.5721,,II,0.973228362
265,1167,E.ce,107.4404,,0.88591,1529532.0531,20.6751,259495.2255,,II,0.965224725
266,1167,E.ce,64.084,,0.92758,632739.9553,16.7582,63239.712,,II,0.952509391
267,1339,E.ce,81.6763,,0.72071,894871.1655,19.6616,342774.4385,,II,0.946963193
268,1339,E.ce,88.5706,,0.3556,749021.007,18.4109,98698.2778,,II,0.891358459
269,1339,E.ce,86.5573,,0.70557,1197702.8226,15.0361,95814.5721,,II,0.871773596
270,11285,S.en,39.225,0.30016,0.66129,379635.0927,45.7929,16581.7665,0.054882,II,0.789886733
271,11285,S.en,100.5544,0.4909,0.64782,711737.2354,71.586,8102.5637,0.036087,II,0.708063316
272,11285,S.en,49.4999,0.21501,0.72345,653403.0672,76.8487,444981.8237,0.61298,II,0.547297512
273,12048,S.en,85.4745,0.36667,0.74025,679653.6736,101.3935,416103.2356,,II,0.657238155
274,12048,S.en,139.8936,0.32468,0.26738,834937.476,82.8157,392885.5513,,II,0.778762275
275,12048,S.en,71.8477,0.32843,0.69521,690033.752,102.3447,367189.3389,,II,0.671382043
276,B8,S.en,63.9328,,,62191.6183,71.3227,17066.6756,0.08596,II,0.482060927
277,B8,S.en,30.8739,,,54347.2308,90.1681,283340.005,,II,0.489932616
278,B8,S.en,53.9097,,,73465.5357,102.3447,367189.3389,,II,0.628124984
279,12701,S.en,54.0864,0.2576,0.68631,694422.2412,82.8157,392885.5513,,II,0.443207453
280,12701,S.en,60.5403,0.24358,0.61721,629591.8602,81.518,25342.7827,0.037964,II,0.749307558
281,12701,S.en,39.2297,0.32013,0.75864,429621.8506,78.9838,12945.9986,0.026665,II,0.852280328
282,11457,S.en,38.6781,0.33454,0.75678,451547.4401,90.1681,283340.005,,II,0.705639282
283,11457,S.en,38.6781,0.33454,0.75678,451547.4401,81.1474,446035.4667,,II,0.757333792
284,11457,S.en,47.3616,0.32389,0.76537,510480.9696,58.7768,15977.1314,0.036022,II,0.775151905
285,B18,S.en,17.8423,,,65398.5713,107.9308,380735.1563,0.48463,II,0.692756666
286,B18,S.en,28.0687,,,59510.4308,81.518,25342.7827,0.037964,II,0.736025873
287,B18,S.en,34.399,,,63392.9779,82.4264,177582.6449,,II,0.699073024
288,B1,S.en,49.8778,,,76320.7541,45.7929,16581.7665,0.054882,II,0.486088198
289,B1,S.en,63.2118,,,64244.863,76.8487,444981.8237,0.61298,II,0.5320514
290,B1,S.en,63.2118,,,64244.863,76.8487,444981.8237,0.61298,II,0.602370773
291,12832,S.en,49.2673,0.22095,0.78797,576836.2402,62.4745,224787.686,,II,0.59612413
292,12832,S.en,42.3834,0.33703,0.7431,401064.6752,89.2673,346366.6986,,II,0.293993974
293,12832,S.en,51.246,0.36537,0.7281,353082.6161,76.8487,444981.8237,0.61298,II,0.124826993
294,1273,S.en,37.8225,,0.93956,727503.844,64.1927,10724.4675,0.026245,II,0.824285669
295,1273,S.en,84.965,,0.86835,1045719.6749,44.6861,12627.0361,0.044441,II,0.890546124
296,1273,S.en,85.5055,,0.78651,985982.1469,103.159,342789.2236,,II,0.918849612
297,12001,S.en,30.6938,0.26862,0.87256,462078.6654,90.1681,283340.005,,II,0.728238237
298,12001,S.en,31.0471,0.24743,0.9086,484879.2594,107.9308,380735.1563,0.48463,II,0.653021541
299,12001,S.en,27.9439,0.19657,0.87945,438504.8675,81.518,25342.7827,0.037964,II,0.804130399
300,1202,S.en,96.041,,0.74585,525624.4383,91.5942,338081.3481,,II,0.351753021
301,1202,S.en,81.7592,,0.73986,753553.6745,68.2667,22063.0887,0.09293,II,0.319219938
302,1202,S.en,81.4623,,0.68268,669640.1149,44.6861,12627.0361,0.044441,II,0.673100989
303,1234,S.en,74.1553,,0.89063,422371.2212,78.9838,12945.9986,0.026665,II,0.046901298
304,1234,S.en,61.7609,,0.91044,423707.6243,91.3491,176103.4762,,II,0.714131526
305,1234,S.en,71.1015,,0.9321,895345.9836,91.5942,338081.3481,,II,0.363388319
306,C5,S.en,235.1767,,0.71325,265181.1304,107.9308,380735.1563,0.48463,II,0.707295138
307,C5,S.en,26.2022,,,52086.9476,68.2667,22063.0887,0.09293,II,0.713279977
308,C5,S.en,53.6051,,,34813.2952,65.2759,12023.4369,0.053825,II,0.497798705
309,1218,S.en,66.8352,,0.92956,631242.7526,57.2169,2746.2399,0.0087814,II,0.607149913
310,1218,S.en,92.5377,,0.69867,641225.4698,73.062,146448.5781,,II,0.781771987
311,1218,S.en,135.7316,,0.89421,1739264.8869,68.2667,22063.0887,0.09293,II,0.822617208
312,1298,S.en,110.6456,,0.79062,1804024.4031,82.4264,177582.6449,,II,0.758631084
313,1298,S.en,99.8822,,0.8765,861445.6915,82.8157,392885.5513,,II,0.703949528
314,1298,S.en,72.2858,,0.79303,987512.1688,103.159,342789.2236,,II,0.608700823
315,1219,S.en,78.8484,,0.80831,1063851.9458,71.3227,17066.6756,0.08596,II,0.0
316,1219,S.en,85.6394,,0.79024,927084.0733,97.9014,323987.8095,,II,0.775506635
317,1219,S.en,108.5523,,0.78906,1274417.0768,82.8157,392885.5513,,II,0.665448294
318,1167,S.en,107.2855,,0.89046,1048314.977,95.9692,297155.0753,,II,0.965316086
319,1167,S.en,67.9052,,0.9353,767452.0875,103.159,342789.2236,,II,0.984822933
320,1167,S.en,64.084,,0.92758,632739.9553,62.4745,224787.686,,II,0.963606152
321,1339,S.en,59.6199,,0.60337,954346.5641,64.1927,10724.4675,0.026245,II,0.853083624
322,1339,S.en,96.556,,0.73122,1430265.6322,88.208,386840.9901,,II,0.713399942
323,1339,S.en,91.8112,,0.70071,1143134.8983,103.159,342789.2236,,II,0.918402719
324,11285,E.co,31.0842,0.21657,0.78622,528838.313,21.4661,287187.6141,0.76464,II,0.874660346
325,11285,E.co,39.225,0.30016,0.66129,379635.0927,26.8891,327877.4666,0.7822,II,0.742071737
326,11285,E.co,46.2635,0.34717,0.76549,454995.2865,21.0451,316286.1405,0.80289,II,0.982452032
327,12048,E.co,85.4745,0.36667,0.74025,679653.6736,40.8594,124700.4569,0.50763,II,0.907132806
328,12048,E.co,99.2755,0.4762,0.53869,568060.3917,21.2543,304732.1539,0.80483,II,0.950635149
329,12048,E.co,71.0947,0.40328,0.72363,578243.7435,23.1542,340308.4354,0.81835,II,0.973211416
330,B8,E.co,60.5387,,,82300.4304,25.0612,371927.1613,0.81522,II,0.899599777
331,B8,E.co,34.7639,,,47677.8817,51.4117,59035.3301,0.24144,II,0.925684356
332,B8,E.co,51.6172,,,76915.2656,22.2385,287595.3711,0.76022,II,0.958886814
333,12701,E.co,31.7373,0.25887,0.81683,456508.7811,59.2209,21651.0293,0.084648,II,0.98374083
334,12701,E.co,38.5633,0.28417,0.81309,399610.1326,57.4364,19063.9202,0.072502,II,0.943736484
335,12701,E.co,74.8908,0.2743,0.61308,771683.1673,45.5854,86119.1755,0.3962,II,0.978034534
336,11457,E.co,41.9185,0.3351,0.72269,441256.0723,56.8339,24024.8846,0.079399,II,0.997245936
337,11457,E.co,45.5184,0.30239,0.78507,491611.4687,60.783,65178.7725,0.26097,II,0.964306613
338,11457,E.co,39.2359,0.2502,0.80535,500597.0395,25.0612,371927.1613,0.81522,II,0.960025
339,B18,E.co,225.1848,,,33706.1082,23.5268,336454.4572,0.80819,II,0.877181399
340,B18,E.co,31.7064,,,63791.7988,23.1691,289400.8757,0.75349,II,0.92257636
341,B18,E.co,17.153,,,67294.4537,57.4364,19063.9202,0.072502,II,0.976191011
342,B1,E.co,45.2098,,,66809.6532,38.4982,146937.8047,0.58944,II,0.851139012
343,B1,E.co,59.6351,,,86787.7537,26.2567,348890.9475,0.82606,II,0.876974824
344,B1,E.co,57.8646,,,70480.7358,24.1553,337255.1249,0.7974,II,0.886675445
345,12832,E.co,110.4073,0.61388,0.75514,830012.6268,24.5719,351089.3122,0.78545,II,0.911721876
346,12832,E.co,51.246,0.36537,0.7281,353082.6161,24.2982,340200.4849,0.78028,II,0.909963421
347,12832,E.co,49.2673,0.22095,0.78797,576836.2402,21.4977,296127.1345,0.77015,II,0.836331227
348,1273,E.co,59.696,,0.90243,708070.2493,23.1542,340308.4354,0.81835,II,0.953463363
349,1273,E.co,74.9124,,0.91748,806698.4627,25.0612,371927.1613,0.81522,II,0.959986771
350,1273,E.co,46.8727,,0.95543,700237.0213,19.9092,105858.1719,0.41813,II,0.961067805
351,12001,E.co,31.0312,0.23873,0.85251,440348.5311,23.5268,336454.4572,0.80819,II,0.989651351
352,12001,E.co,30.6938,0.26862,0.87256,462078.6654,56.8339,24024.8846,0.079399,II,0.94891531
353,12001,E.co,31.0078,0.21015,0.88252,460894.4923,24.7937,334167.4886,0.80318,II,0.969161981
354,1202,E.co,102.8115,,0.67602,751099.8667,19.9092,105858.1719,0.41813,II,0.762401064
355,1202,E.co,75.3804,,0.64174,643172.2524,50.8315,317042.3934,0.77369,II,0.796919181
356,1202,E.co,75.815,,0.75943,727857.2266,24.7937,334167.4886,0.80318,II,0.881859447
357,1234,E.co,74.1553,,0.89063,422371.2212,59.2209,21651.0293,0.084648,II,0.911242708
358,1234,E.co,60.4384,,0.91917,424166.5273,26.8891,327877.4666,0.7822,II,0.876863921
359,1234,E.co,61.7609,,0.91044,423707.6243,45.5854,86119.1755,0.3962,II,0.833014084
360,C5,E.co,74.6364,,,13411.8704,26.7826,317496.0698,0.79156,II,0.961636892
361,C5,E.co,177.5907,,0.70204,283878.9547,24.2982,340200.4849,0.78028,II,0.82640239
362,C5,E.co,42.9811,,,34333.6272,45.5854,86119.1755,0.3962,II,0.91115366
363,1218,E.co,58.0652,,0.93002,539621.6383,56.0736,75377.0036,0.31767,II,0.952146408
364,1218,E.co,92.5377,,0.69867,641225.4698,21.4977,296127.1345,0.77015,II,0.956961078
365,1218,E.co,58.0652,,0.93002,539621.6383,23.1542,340308.4354,0.81835,II,0.963413306
366,1298,E.co,102.9972,,0.75742,1169539.3356,19.9092,105858.1719,0.41813,II,0.965175741
367,1298,E.co,116.5413,,0.91447,1467928.2601,23.7006,329630.7246,0.77964,II,0.933890625
368,1298,E.co,93.2598,,0.84221,1422671.7437,51.4117,59035.3301,0.24144,II,0.972891238
369,1219,E.co,78.8484,,0.80831,1063851.9458,53.4666,64873.9829,0.27303,II,0.85544417
370,1219,E.co,154.3524,,0.89753,1434115.5014,22.2385,287595.3711,0.76022,II,0.882957123
371,1219,E.co,149.9104,,0.61388,1294630.5617,24.1553,337255.1249,0.7974,II,1.0
372,1167,E.co,80.476,,0.91307,964432.1177,56.8339,24024.8846,0.079399,II,0.880679132
373,1167,E.co,68.2658,,0.92618,802934.7143,22.0548,315164.8747,0.79249,II,0.96778521
374,1167,E.co,81.2287,,0.89949,927301.5649,21.2543,304732.1539,0.80483,II,0.98564011
375,1339,E.co,90.0528,,0.77341,937960.1115,50.8315,317042.3934,0.77369,II,0.957163044
376,1339,E.co,86.5573,,0.70557,1197702.8226,56.0736,75377.0036,0.31767,II,0.843052121
377,1339,E.co,86.5573,,0.70557,1197702.8226,40.8594,124700.4569,0.50763,II,0.784851798
378,11285,S.au,39.225,0.30016,0.66129,379635.0927,35.2458,58993.235,0.28762,III,0.994971871
379,11285,S.au,52.9908,0.34302,0.58152,436696.8952,16.4262,14370.3589,0.088074,III,0.997774627
380,11285,S.au,49.4999,0.21501,0.72345,653403.0672,19.8751,350766.9035,0.78021,III,0.97409977
381,12048,S.au,49.2288,0.36851,0.69534,399660.4208,18.2566,292196.2298,0.75197,III,0.99423697
382,12048,S.au,139.8936,0.32468,0.26738,834937.476,20.0635,371414.627,0.84482,III,0.997120354
383,12048,S.au,139.8936,0.32468,0.26738,834937.476,20.211,332506.9906,0.76348,III,0.954837352
384,B8,S.au,63.9328,,,62191.6183,19.4814,293078.0147,0.72777,III,0.992276788
385,B8,S.au,91.6048,,,48258.0789,19.9732,303964.2707,0.76639,III,0.99963227
386,B8,S.au,60.5387,,,82300.4304,17.5344,249825.1142,0.67156,III,0.993740728
387,12701,S.au,41.8384,0.30588,0.73848,499014.7048,21.4468,5878.6291,0.034027,III,0.493752381
388,12701,S.au,54.0864,0.2576,0.68631,694422.2412,35.1505,31477.4671,0.16447,III,0.525581334
389,12701,S.au,54.0864,0.2576,0.68631,694422.2412,19.4814,293078.0147,0.72777,III,0.415829789
390,11457,S.au,119.9265,0.41017,0.37843,594974.5381,19.6327,313792.4036,0.76438,III,0.964174346
391,11457,S.au,52.388,0.36317,0.71774,450412.2838,17.4149,65229.6257,0.29538,III,0.945928843
392,11457,S.au,71.1452,0.21812,0.65473,687749.1252,16.9475,252159.0783,0.70733,III,0.946372465
393,B18,S.au,31.7064,,,63791.7988,19.1868,51222.4905,0.32853,III,0.538054882
394,B18,S.au,54.7591,,,48454.8054,20.2319,270791.1793,0.68911,III,0.479390644
395,B18,S.au,17.153,,,67294.4537,35.2458,58993.235,0.28762,III,0.437846884
396,B1,S.au,95.0099,,,52094.9523,16.4262,14370.3589,0.088074,III,0.648800352
397,B1,S.au,63.2118,,,64244.863,17.4149,65229.6257,0.29538,III,0.743744713
398,B1,S.au,52.0671,,,76980.433,19.6327,313792.4036,0.76438,III,0.779346133
399,12832,S.au,42.3834,0.33703,0.7431,401064.6752,19.9732,303964.2707,0.76639,III,0.825724484
400,12832,S.au,31.0436,0.28626,0.81687,469256.4994,13.919,165086.5558,0.63756,III,0.821875808
401,12832,S.au,38.8391,0.27779,0.79062,385614.9573,29.5581,41271.3211,0.20855,III,0.793944827
402,1273,S.au,62.2079,,0.90733,652295.5035,20.2319,270791.1793,0.68911,III,0.999058597
403,1273,S.au,85.5055,,0.78651,985982.1469,35.1505,31477.4671,0.16447,III,0.99149912
404,1273,S.au,59.696,,0.90243,708070.2493,19.6327,313792.4036,0.76438,III,0.929620898
405,12001,S.au,41.7009,0.29558,0.85513,534535.189,17.1432,63361.9009,0.38894,III,0.804757399
406,12001,S.au,82.1927,0.33129,0.67463,636566.7523,19.4814,293078.0147,0.72777,III,0.891062531
407,12001,S.au,31.0312,0.23873,0.85251,440348.5311,20.2363,292869.5637,0.73303,III,0.905604884
408,1202,S.au,81.7592,,0.73986,753553.6745,19.9548,287079.8336,0.72239,III,0.967322854
409,1202,S.au,81.4623,,0.68268,669640.1149,19.1868,51222.4905,0.32853,III,0.893014634
410,1202,S.au,114.5659,,0.67451,993521.1327,17.4149,65229.6257,0.29538,III,0.96945338
411,1234,S.au,47.8742,,0.90502,430774.0521,18.2566,292196.2298,0.75197,III,0.227086166
412,1234,S.au,58.2539,,0.9189,473088.3816,13.919,165086.5558,0.63756,III,0.440397604
413,1234,S.au,60.4384,,0.91917,424166.5273,20.705,383323.5501,0.82185,III,0.287623847
414,C5,S.au,42.9811,,,34333.6272,21.3832,33444.7322,0.20438,III,0.728265106
415,C5,S.au,24.6388,,,52794.2308,21.4468,5878.6291,0.034027,III,0.751977578
416,C5,S.au,24.6388,,,52794.2308,34.2944,25511.1106,0.13385,III,0.735152918
417,1218,S.au,106.5276,,0.82373,1066201.3162,19.9457,364483.9678,0.80032,III,0.649610205
418,1218,S.au,63.1462,,0.93241,576854.5567,13.919,165086.5558,0.63756,III,0.5107936
419,1218,S.au,139.2205,,0.58605,939148.4282,35.1505,31477.4671,0.16447,III,0.724564726
420,1298,S.au,157.2154,,0.65607,1853010.2006,20.211,332506.9906,0.76348,III,0.43378687
421,1298,S.au,92.6131,,0.81479,1190127.8628,17.1432,63361.9009,0.38894,III,0.535241355
422,1298,S.au,157.2154,,0.65607,1853010.2006,19.4814,293078.0147,0.72777,III,0.550747706
423,1219,S.au,108.5523,,0.78906,1274417.0768,19.9548,287079.8336,0.72239,III,0.546113416
424,1219,S.au,85.6394,,0.79024,927084.0733,19.8751,350766.9035,0.78021,III,0.57300695
425,1219,S.au,149.9104,,0.61388,1294630.5617,19.4814,293078.0147,0.72777,III,0.537525321
426,1167,S.au,42.6102,,0.93713,778641.9558,20.0189,368303.7143,0.80157,III,0.937592418
427,1167,S.au,83.5171,,0.84235,865147.0977,17.4838,281560.8496,0.76748,III,0.966179544
428,1167,S.au,107.2855,,0.89046,1048314.977,16.9475,252159.0783,0.70733,III,0.959565098
429,1339,S.au,85.1183,,0.58028,731235.8562,21.4468,5878.6291,0.034027,III,0.287331521
430,1339,S.au,85.1183,,0.58028,731235.8562,21.4468,5878.6291,0.034027,III,0.417370197
431,1339,S.au,85.1183,,0.58028,731235.8562,17.4149,65229.6257,0.29538,III,0.353338208
432,11285,E.ce,100.5544,0.4909,0.64782,711737.2354,13.3419,67545.3294,,III,0.966215553
433,11285,E.ce,52.9908,0.34302,0.58152,436696.8952,15.0361,95814.5721,,III,0.940662015
434,11285,E.ce,41.6976,0.19756,0.78922,629243.4687,18.3367,195676.4463,,III,0.822870766
435,12048,E.ce,31.7673,0.3007,0.73668,383974.7535,14.226,33559.6699,,III,0.751893984
436,12048,E.ce,99.2755,0.4762,0.53869,568060.3917,17.1181,312492.0215,,III,0.898019338
437,12048,E.ce,46.2786,0.25319,0.79184,678096.1533,37.9864,10831.5888,,III,0.907568922
438,B8,E.ce,49.3198,,,63961.7332,18.7708,156140.9612,,III,0.88575371
439,B8,E.ce,34.7639,,,47677.8817,37.9864,10831.5888,,III,0.874376641
440,B8,E.ce,51.6172,,,76915.2656,12.6478,25874.8107,,III,0.896663835
441,12701,E.ce,82.2903,0.18575,0.60345,844021.881,19.9252,366016.9373,,III,0.882237541
442,12701,E.ce,83.2761,0.15525,0.61228,938260.3808,19.9252,366016.9373,,III,0.989043693
443,12701,E.ce,88.7718,0.17408,0.58864,785286.6318,19.6616,342774.4385,,III,0.778278437
444,11457,E.ce,45.5184,0.30239,0.78507,491611.4687,14.226,33559.6699,,III,0.924833386
445,11457,E.ce,38.6781,0.33454,0.75678,451547.4401,19.9349,335603.1025,,III,0.900246906
446,11457,E.ce,41.8602,0.23928,0.81713,586966.102,19.6417,120367.2469,,III,0.858934723
447,B18,E.ce,68.2838,,,59596.1749,14.4283,65687.5869,,III,0.911266579
448,B18,E.ce,55.7019,,,42192.9411,19.9252,366016.9373,,III,0.80723995
449,B18,E.ce,31.7064,,,63791.7988,19.8387,351449.1457,,III,0.661948376
450,B1,E.ce,57.8646,,,70480.7358,20.6751,259495.2255,,III,0.91341457
451,B1,E.ce,59.6351,,,86787.7537,16.7582,63239.712,,III,0.874535693
452,B1,E.ce,47.7678,,,84447.6122,17.0281,332652.5343,,III,0.819771731
453,12832,E.ce,42.6886,0.2747,0.73991,458728.4288,19.6616,342774.4385,,III,0.903447071
454,12832,E.ce,110.4073,0.61388,0.75514,830012.6268,12.4926,73591.0206,,III,0.879502389
455,12832,E.ce,42.3834,0.33703,0.7431,401064.6752,17.8445,334032.7276,,III,0.729096377
456,1273,E.ce,85.5055,,0.78651,985982.1469,19.9263,62917.5005,,III,0.914386274
457,1273,E.ce,84.965,,0.86835,1045719.6749,12.9845,60777.3345,,III,0.97210151
458,1273,E.ce,62.2079,,0.90733,652295.5035,17.9065,147931.0429,,III,0.888250734
459,12001,E.ce,45.7157,0.27961,0.65956,520568.595,16.4212,137500.1113,,III,0.899396651
460,12001,E.ce,34.3016,0.27486,0.85659,507935.6261,16.7582,63239.712,,III,0.923475597
461,12001,E.ce,31.0312,0.23873,0.85251,440348.5311,18.7708,156140.9612,,III,0.882562584
462,1202,E.ce,85.6834,,0.75073,615508.2568,16.7582,63239.712,,III,0.625071237
463,1202,E.ce,85.6834,,0.75073,615508.2568,19.6801,338960.0253,,III,0.71542897
464,1202,E.ce,75.815,,0.75943,727857.2266,16.6514,35888.134,,III,0.653478184
465,1234,E.ce,95.4628,,0.93539,983207.2106,18.7708,156140.9612,,III,0.720690337
466,1234,E.ce,74.9955,,0.89138,587654.5506,13.3419,67545.3294,,III,0.385892809
467,1234,E.ce,77.2729,,0.94315,680073.2125,19.6616,342774.4385,,III,0.50306656
468,C5,E.ce,22.9543,,,53739.5351,18.3367,195676.4463,,III,0.727718078
469,C5,E.ce,25.8057,,,66219.0028,17.1181,312492.0215,,III,0.6286392
470,C5,E.ce,82.5108,,,11636.8114,41.888,3599.1818,,III,0.559057688
471,1218,E.ce,106.5276,,0.82373,1066201.3162,19.9349,335603.1025,,III,0.67607412
472,1218,E.ce,63.1462,,0.93241,576854.5567,17.8136,185840.7796,,III,0.708141782
473,1218,E.ce,77.8107,,0.90788,722227.5898,19.6417,120367.2469,,III,0.496852884
474,1298,E.ce,93.2598,,0.84221,1422671.7437,19.2999,96787.469,,III,0.725565227
475,1298,E.ce,72.2858,,0.79303,987512.1688,16.6514,35888.134,,III,0.698602341
476,1298,E.ce,110.6456,,0.79062,1804024.4031,16.9216,215739.3021,,III,0.53338386
477,1219,E.ce,108.5523,,0.78906,1274417.0768,13.3419,67545.3294,,III,0.622213523
478,1219,E.ce,122.8027,,0.52958,594919.8709,12.6478,25874.8107,,III,0.705384682
479,1219,E.ce,154.3524,,0.89753,1434115.5014,17.0281,332652.5343,,III,0.500943891
480,1167,E.ce,42.6102,,0.93713,778641.9558,14.4283,65687.5869,,III,0.939973393
481,1167,E.ce,67.9052,,0.9353,767452.0875,19.6417,120367.2469,,III,0.933460471
482,1167,E.ce,81.2287,,0.89949,927301.5649,18.4109,98698.2778,,III,0.892549294
483,1339,E.ce,91.8112,,0.70071,1143134.8983,19.8387,351449.1457,,III,0.310075741
484,1339,E.ce,84.975,,0.60564,866652.3051,18.3367,195676.4463,,III,0.26073352
485,1339,E.ce,59.6199,,0.60337,954346.5641,37.9864,10831.5888,,III,0.226046311
486,11285,S.en,151.408,0.29604,0.25154,892283.1147,101.3935,416103.2356,,III,0.703965175
487,11285,S.en,52.9908,0.34302,0.58152,436696.8952,57.2169,2746.2399,0.0087814,III,0.912967263
488,11285,S.en,151.408,0.29604,0.25154,892283.1147,76.8487,444981.8237,0.61298,III,0.810700279
489,12048,S.en,71.0897,0.3289,0.76693,708334.733,88.208,386840.9901,,III,0.79911473
490,12048,S.en,71.0897,0.3289,0.76693,708334.733,91.3491,176103.4762,,III,0.899758771
491,12048,S.en,71.0947,0.40328,0.72363,578243.7435,95.9692,297155.0753,,III,0.868386949
492,B8,S.en,63.9328,,,62191.6183,90.1681,283340.005,,III,0.81122728
493,B8,S.en,49.3198,,,63961.7332,75.8578,370315.8214,,III,0.897454895
494,B8,S.en,63.9328,,,62191.6183,71.3227,17066.6756,0.08596,III,0.841774425
495,12701,S.en,81.2717,0.26945,0.56917,834387.1315,91.3491,176103.4762,,III,0.414852146
496,12701,S.en,88.7718,0.17408,0.58864,785286.6318,58.7768,15977.1314,0.036022,III,0.703062323
497,12701,S.en,78.9142,0.14885,0.64796,1073277.5379,82.8157,392885.5513,,III,0.512948477
498,11457,S.en,119.9265,0.41017,0.37843,594974.5381,95.9692,297155.0753,,III,0.870729562
499,11457,S.en,41.9185,0.3351,0.72269,441256.0723,81.1474,446035.4667,,III,0.977013471
500,11457,S.en,124.7817,0.35397,0.38661,821695.5401,62.4745,224787.686,,III,0.889248776
501,B18,S.en,27.1483,,,57695.3485,73.062,146448.5781,,III,0.22560538
502,B18,S.en,203.2297,,,27818.0148,90.1681,283340.005,,III,0.544051498
503,B18,S.en,33.01,,,58857.4852,102.3447,367189.3389,,III,0.50682367
504,B1,S.en,59.6351,,,86787.7537,58.7768,15977.1314,0.036022,III,0.924094183
505,B1,S.en,59.6351,,,86787.7537,82.2975,494802.6344,0.63705,III,0.930258024
506,B1,S.en,50.436,,,57089.6776,89.2673,346366.6986,,III,0.902224362
507,12832,S.en,51.246,0.36537,0.7281,353082.6161,91.3491,176103.4762,,III,0.748584238
508,12832,S.en,100.6995,0.35792,0.72349,1127066.2312,44.6861,12627.0361,0.044441,III,0.926655519
509,12832,S.en,42.6886,0.2747,0.73991,458728.4288,89.2673,346366.6986,,III,0.921787792
510,1273,S.en,85.5055,,0.78651,985982.1469,82.4264,177582.6449,,III,0.237638988
511,1273,S.en,81.18,,0.96671,704651.361,74.8346,322213.4568,,III,0.987752448
512,1273,S.en,62.2079,,0.90733,652295.5035,76.8487,444981.8237,0.61298,III,0.944031858
513,12001,S.en,59.8973,0.30892,0.63809,589749.7963,70.1247,357065.6454,,III,0.914176695
514,12001,S.en,45.4923,0.41806,0.83002,460681.5681,81.518,25342.7827,0.037964,III,0.779171976
515,12001,S.en,159.023,0.49322,0.22138,854384.9141,82.2975,494802.6344,0.63705,III,0.912197354
516,1202,S.en,102.8115,,0.67602,751099.8667,82.2975,494802.6344,0.63705,III,0.342037531
517,1202,S.en,92.1475,,0.60788,630504.4396,58.0161,15183.9629,0.049587,III,0.779842464
518,1202,S.en,92.1475,,0.60788,630504.4396,74.8346,322213.4568,,III,0.246941858
519,1234,S.en,60.4384,,0.91917,424166.5273,88.208,386840.9901,,III,0.0
520,1234,S.en,77.2729,,0.94315,680073.2125,70.1247,357065.6454,,III,0.209436414
521,1234,S.en,77.2729,,0.94315,680073.2125,89.2673,346366.6986,,III,0.025364712
522,C5,S.en,22.9543,,,53739.5351,89.2673,346366.6986,,III,0.230392239
523,C5,S.en,25.8057,,,66219.0028,101.3935,416103.2356,,III,0.536390649
524,C5,S.en,22.9543,,,53739.5351,65.2759,12023.4369,0.053825,III,0.457617427
525,1218,S.en,58.0652,,0.93002,539621.6383,78.9838,12945.9986,0.026665,III,0.074058746
526,1218,S.en,74.7426,,0.93027,535295.1146,68.2667,22063.0887,0.09293,III,0.431902933
527,1218,S.en,63.1462,,0.93241,576854.5567,74.8346,322213.4568,,III,0.206438965
528,1298,S.en,70.3924,,0.79739,776210.1373,74.8346,322213.4568,,III,0.214718267
529,1298,S.en,102.9972,,0.75742,1169539.3356,91.5942,338081.3481,,III,0.521247026
530,1298,S.en,72.2858,,0.79303,987512.1688,101.3935,416103.2356,,III,0.298924656
531,1219,S.en,92.6392,,0.79491,968947.9283,71.586,8102.5637,0.036087,III,0.371728534
532,1219,S.en,100.6864,,0.7851,1398418.7261,70.3829,214009.1704,0.41749,III,0.56174631
533,1219,S.en,81.7095,,0.71875,620335.8258,62.4745,224787.686,,III,0.413659406
534,1167,S.en,81.4623,,0.95085,696323.8681,91.5942,338081.3481,,III,1.0
535,1167,S.en,87.6154,,0.91075,847915.1166,74.8346,322213.4568,,III,0.999044662
536,1167,S.en,107.4404,,0.88591,1529532.0531,71.3227,17066.6756,0.08596,III,0.997749271
537,1339,S.en,84.975,,0.60564,866652.3051,82.2975,494802.6344,0.63705,III,0.204342785
538,1339,S.en,86.5573,,0.70557,1197702.8226,102.3447,367189.3389,,III,0.411452101
539,1339,S.en,81.6763,,0.72071,894871.1655,75.8578,370315.8214,,III,0.099917528
540,11285,E.co,143.7089,0.52259,0.37982,659329.536,24.7937,334167.4886,0.80318,III,0.860569083
541,11285,E.co,39.3185,0.29054,0.75667,511738.0323,25.2503,363824.3172,0.80371,III,0.817028223
542,11285,E.co,100.5544,0.4909,0.64782,711737.2354,23.5268,336454.4572,0.80819,III,0.861833689
543,12048,E.co,71.0947,0.40328,0.72363,578243.7435,26.7826,317496.0698,0.79156,III,0.880971629
544,12048,E.co,70.4151,0.51341,0.35812,304921.8175,23.1691,289400.8757,0.75349,III,0.830777761
545,12048,E.co,85.4745,0.36667,0.74025,679653.6736,26.2567,348890.9475,0.82606,III,0.891923236
546,B8,E.co,67.8769,,,100724.7775,56.0736,75377.0036,0.31767,III,0.913464792
547,B8,E.co,83.8308,,,55740.0432,22.0548,315164.8747,0.79249,III,0.887779141
548,B8,E.co,53.9097,,,73465.5357,40.8594,124700.4569,0.50763,III,0.898884588
549,12701,E.co,46.2384,0.31254,0.83977,449822.528,60.783,65178.7725,0.26097,III,0.236691903
550,12701,E.co,54.0864,0.2576,0.68631,694422.2412,23.1691,289400.8757,0.75349,III,0.136333841
551,12701,E.co,81.2717,0.26945,0.56917,834387.1315,23.1542,340308.4354,0.81835,III,0.141181207
552,11457,E.co,47.3616,0.32389,0.76537,510480.9696,24.2982,340200.4849,0.78028,III,0.860302797
553,11457,E.co,52.388,0.36317,0.71774,450412.2838,25.0612,371927.1613,0.81522,III,0.955186572
554,11457,E.co,41.8602,0.23928,0.81713,586966.102,23.1691,289400.8757,0.75349,III,0.926191168
555,B18,E.co,27.1483,,,57695.3485,60.783,65178.7725,0.26097,III,0.318754145
556,B18,E.co,203.2297,,,27818.0148,25.2503,363824.3172,0.80371,III,0.261195508
557,B18,E.co,225.1848,,,33706.1082,22.0548,315164.8747,0.79249,III,0.255099978
558,B1,E.co,57.8646,,,70480.7358,26.2567,348890.9475,0.82606,III,0.769466864
559,B1,E.co,57.8646,,,70480.7358,26.2567,348890.9475,0.82606,III,0.766104986
560,B1,E.co,45.2098,,,66809.6532,21.4661,287187.6141,0.76464,III,0.871694043
561,12832,E.co,100.8096,0.6298,0.69699,662214.3717,53.4666,64873.9829,0.27303,III,0.783747655
562,12832,E.co,35.8943,0.27081,0.75712,488859.2751,25.0612,371927.1613,0.81522,III,0.799922799
563,12832,E.co,42.3834,0.33703,0.7431,401064.6752,25.0612,371927.1613,0.81522,III,0.885321991
564,1273,E.co,56.4673,,0.96442,666358.1535,56.8339,24024.8846,0.079399,III,0.481711962
565,1273,E.co,74.9124,,0.91748,806698.4627,40.8594,124700.4569,0.50763,III,0.625636464
566,1273,E.co,62.2079,,0.90733,652295.5035,21.2543,304732.1539,0.80483,III,0.761020293
567,12001,E.co,41.7042,0.3112,0.80508,509098.0924,51.4117,59035.3301,0.24144,III,0.916592959
568,12001,E.co,59.8973,0.30892,0.63809,589749.7963,21.2543,304732.1539,0.80483,III,0.950148309
569,12001,E.co,74.1823,0.30744,0.68488,562740.206,21.4661,287187.6141,0.76464,III,0.939658647
570,1202,E.co,85.6834,,0.75073,615508.2568,23.7006,329630.7246,0.77964,III,0.383562247
571,1202,E.co,81.7592,,0.73986,753553.6745,19.9092,105858.1719,0.41813,III,0.397943575
572,1202,E.co,92.1475,,0.60788,630504.4396,21.0451,316286.1405,0.80289,III,0.480528662
573,1234,E.co,80.0871,,0.9484,898273.8562,21.2543,304732.1539,0.80483,III,0.098199062
574,1234,E.co,58.2539,,0.9189,473088.3816,57.4364,19063.9202,0.072502,III,0.23941059
575,1234,E.co,64.3301,,0.92387,428025.5783,26.2567,348890.9475,0.82606,III,0.208362211
576,C5,E.co,28.7078,,,45813.7355,19.9092,105858.1719,0.41813,III,0.238011435
577,C5,E.co,28.7078,,,45813.7355,25.0612,371927.1613,0.81522,III,0.273935081
578,C5,E.co,22.9543,,,53739.5351,25.0612,371927.1613,0.81522,III,0.403173135
579,1218,E.co,139.2205,,0.58605,939148.4282,25.2503,363824.3172,0.80371,III,0.084438946
580,1218,E.co,74.7426,,0.93027,535295.1146,23.5268,336454.4572,0.80819,III,0.216058894
581,1218,E.co,58.0652,,0.93002,539621.6383,22.0548,315164.8747,0.79249,III,0.498830201
582,1298,E.co,93.2598,,0.84221,1422671.7437,56.0736,75377.0036,0.31767,III,0.282673037
583,1298,E.co,93.2598,,0.84221,1422671.7437,20.7706,281943.1902,0.77699,III,0.336190999
584,1298,E.co,99.8822,,0.8765,861445.6915,42.2601,152290.6212,0.52729,III,0.26568292
585,1219,E.co,81.7095,,0.71875,620335.8258,24.1553,337255.1249,0.7974,III,0.408580626
586,1219,E.co,154.3524,,0.89753,1434115.5014,53.4666,64873.9829,0.27303,III,0.167230321
587,1219,E.co,114.9875,,0.74802,1273745.7676,21.2543,304732.1539,0.80483,III,0.328517114
588,1167,E.co,80.476,,0.91307,964432.1177,25.0612,371927.1613,0.81522,III,0.985180013
589,1167,E.co,107.4404,,0.88591,1529532.0531,25.2503,363824.3172,0.80371,III,0.997855445
590,1167,E.co,81.2287,,0.89949,927301.5649,19.9092,105858.1719,0.41813,III,0.988710933
591,1339,E.co,85.1183,,0.58028,731235.8562,23.1542,340308.4354,0.81835,III,0.118312657
592,1339,E.co,85.4541,,0.75024,966733.0834,25.2503,363824.3172,0.80371,III,0.115605032
593,1339,E.co,59.6199,,0.60337,954346.5641,45.5854,86119.1755,0.3962,III,0.172337885
594,11285,S.au,39.3185,0.29054,0.75667,511738.0323,13.919,165086.5558,0.63756,I,0.999687983
595,11285,S.au,81.2402,0.37092,0.70135,665035.3113,17.4149,65229.6257,0.29538,I,0.999759358
596,11285,S.au,38.6339,0.17329,0.78433,614378.4213,19.9457,364483.9678,0.80032,I,0.995292035
597,12048,S.au,50.0385,0.22513,0.72102,655419.4434,19.9457,364483.9678,0.80032,I,0.999568861
598,12048,S.au,43.152,0.20075,0.73439,618108.9739,19.1868,51222.4905,0.32853,I,0.99979911
599,12048,S.au,41.8332,0.31817,0.75156,392079.4811,17.5344,249825.1142,0.67156,I,0.999642249
600,B8,S.au,63.9328,,,62191.6183,19.6327,313792.4036,0.76438,I,0.999744177
601,B8,S.au,108.5254,,,80672.0923,19.1868,51222.4905,0.32853,I,0.99974191
602,B8,S.au,65.2501,,,67521.3154,17.4838,281560.8496,0.76748,I,0.999776288
603,12701,S.au,88.7718,0.17408,0.58864,785286.6318,35.1505,31477.4671,0.16447,I,0.642626296
604,12701,S.au,41.8384,0.30588,0.73848,499014.7048,19.7343,342784.9095,0.82544,I,0.516532216
605,12701,S.au,39.1569,0.29011,0.80322,414261.5025,19.1868,51222.4905,0.32853,I,0.527144306
606,11457,S.au,85.9997,0.45031,0.28014,345420.5467,20.0635,371414.627,0.84482,I,0.997070155
607,11457,S.au,71.1452,0.21812,0.65473,687749.1252,20.2363,292869.5637,0.73303,I,0.998425961
608,11457,S.au,52.388,0.36317,0.71774,450412.2838,17.4838,281560.8496,0.76748,I,0.99892703
609,B18,S.au,28.0687,,,59510.4308,19.9732,303964.2707,0.76639,I,0.581945658
610,B18,S.au,42.3814,,,42243.7472,21.3832,33444.7322,0.20438,I,0.472600306
611,B18,S.au,41.318,,,55204.578,18.2566,292196.2298,0.75197,I,0.521701945
612,B1,S.au,95.0099,,,52094.9523,16.4461,241909.9089,0.69108,I,0.641998344
613,B1,S.au,92.1909,,,77239.078,29.5581,41271.3211,0.20855,I,0.956902392
614,B1,S.au,59.6351,,,86787.7537,17.1432,63361.9009,0.38894,I,0.907523551
615,12832,S.au,31.0436,0.28626,0.81687,469256.4994,13.919,165086.5558,0.63756,I,0.668503471
616,12832,S.au,45.4961,0.35487,0.73892,362368.2678,20.3619,41063.0114,0.19331,I,0.891574326
617,12832,S.au,51.246,0.36537,0.7281,353082.6161,19.1868,51222.4905,0.32853,I,0.882470851
618,1273,S.au,56.4673,,0.96442,666358.1535,21.4468,5878.6291,0.034027,I,0.786250555
619,1273,S.au,78.9212,,0.93886,741537.3947,19.1868,51222.4905,0.32853,I,1.0
620,1273,S.au,78.9212,,0.93886,741537.3947,34.2944,25511.1106,0.13385,I,0.999943949
621,12001,S.au,74.1823,0.30744,0.68488,562740.206,19.1868,51222.4905,0.32853,I,0.945339144
622,12001,S.au,31.0078,0.21015,0.88252,460894.4923,20.2319,270791.1793,0.68911,I,0.896102773
623,12001,S.au,74.1823,0.30744,0.68488,562740.206,20.3619,41063.0114,0.19331,I,0.868545335
624,1202,S.au,85.6834,,0.75073,615508.2568,21.4468,5878.6291,0.034027,I,0.568196521
625,1202,S.au,84.9332,,0.6776,733869.157,17.1432,63361.9009,0.38894,I,0.528319337
626,1202,S.au,78.6186,,0.67154,612460.0317,18.2566,292196.2298,0.75197,I,0.575144307
627,1234,S.au,80.0871,,0.9484,898273.8562,19.7343,342784.9095,0.82544,I,0.632457411
628,1234,S.au,71.1015,,0.9321,895345.9836,18.0482,311147.4725,0.77295,I,0.720965991
629,1234,S.au,80.0871,,0.9484,898273.8562,19.9457,364483.9678,0.80032,I,0.578454707
630,C5,S.au,25.8057,,,66219.0028,20.2363,292869.5637,0.73303,I,0.64398475
631,C5,S.au,24.6388,,,52794.2308,29.5581,41271.3211,0.20855,I,0.433564298
632,C5,S.au,235.1767,,0.71325,265181.1304,29.5581,41271.3211,0.20855,I,0.581008958
633,1218,S.au,58.0652,,0.93002,539621.6383,17.4149,65229.6257,0.29538,I,0.687749126
634,1218,S.au,74.7426,,0.93027,535295.1146,19.7343,342784.9095,0.82544,I,0.740070908
635,1218,S.au,58.0652,,0.93002,539621.6383,17.4149,65229.6257,0.29538,I,0.556051457
636,1298,S.au,70.3924,,0.79739,776210.1373,19.1868,51222.4905,0.32853,I,0.501811158
637,1298,S.au,75.1406,,0.71959,519150.1206,18.2566,292196.2298,0.75197,I,0.438817917
638,1298,S.au,110.6456,,0.79062,1804024.4031,20.0189,368303.7143,0.80157,I,0.470654696
639,1219,S.au,154.3524,,0.89753,1434115.5014,17.1432,63361.9009,0.38894,I,0.579826914
640,1219,S.au,92.6392,,0.79491,968947.9283,17.4149,65229.6257,0.29538,I,0.438633021
641,1219,S.au,108.5523,,0.78906,1274417.0768,17.4838,281560.8496,0.76748,I,0.575004555
642,1167,S.au,81.2287,,0.89949,927301.5649,35.1505,31477.4671,0.16447,I,0.459896218
643,1167,S.au,80.476,,0.91307,964432.1177,20.3619,41063.0114,0.19331,I,0.433318827
644,1167,S.au,80.476,,0.91307,964432.1177,19.9732,303964.2707,0.76639,I,0.503046791
645,1339,S.au,90.0528,,0.77341,937960.1115,20.2319,270791.1793,0.68911,I,0.370472724
646,1339,S.au,85.4541,,0.75024,966733.0834,17.1432,63361.9009,0.38894,I,0.296965519
647,1339,S.au,59.6199,,0.60337,954346.5641,34.2944,25511.1106,0.13385,I,0.405741282
